episode,action_0,action_1,action_2,action_3,action_4
1,83,75,82,112,98
2,83,94,94,84,95
3,81,93,88,100,88
4,98,91,92,89,80
5,82,91,107,79,91
6,114,79,79,95,83
7,92,96,99,78,85
8,111,97,124,48,70
9,120,89,107,72,62
10,112,80,116,75,67
11,97,90,112,59,92
12,112,96,91,62,89
13,101,91,105,74,79
14,103,86,99,84,78
15,109,101,90,76,74
16,102,87,97,76,88
17,97,110,103,64,76
18,105,104,89,81,71
19,104,114,83,70,79
20,90,99,103,74,84
21,105,100,92,70,83
22,107,88,111,54,90
23,105,97,98,82,68
24,113,92,97,61,87
25,106,107,83,91,63
26,104,99,99,64,84
27,115,98,99,70,68
28,89,104,104,68,85
29,105,115,85,78,67
30,95,81,104,90,80
31,104,76,112,73,85
32,109,91,115,78,57
33,88,99,103,76,84
34,98,89,106,72,85
35,69,102,109,79,91
36,90,118,97,66,79
37,94,84,119,73,80
38,85,111,108,74,72
39,91,84,122,77,76
40,75,89,127,73,86
41,92,80,144,66,68
42,82,82,161,50,75
43,92,59,163,63,73
44,78,74,166,65,67
45,90,80,122,68,90
46,88,76,116,77,93
47,80,83,129,63,95
48,83,77,127,71,92
49,78,82,138,56,96
50,82,91,128,79,70
51,79,95,118,85,73
52,100,80,116,87,67
53,92,79,120,79,80
54,83,68,122,78,99
55,80,92,125,74,79
56,86,74,134,73,83
57,75,76,163,63,73
58,67,68,144,66,105
59,68,46,166,56,114
60,62,43,194,35,116
61,54,51,187,42,116
62,80,63,154,57,96
63,68,63,156,61,102
64,82,67,155,54,92
65,94,74,141,59,82
66,81,53,135,72,109
67,85,86,134,53,92
68,75,56,164,48,107
69,77,53,195,42,83
70,78,51,203,32,86
71,73,48,187,33,109
72,65,50,192,29,114
73,62,56,144,49,139
74,73,60,122,53,142
75,72,68,131,46,133
76,70,70,130,59,121
77,63,72,130,65,120
78,74,70,124,64,118
79,57,73,135,70,115
80,70,88,115,66,111
81,50,46,93,54,65
82,80,70,120,65,115
83,84,76,106,80,104
84,82,78,120,78,92
85,63,61,148,75,103
86,73,81,116,74,106
87,55,85,135,67,108
88,72,72,123,84,99
89,74,70,127,68,111
90,82,70,138,59,101
91,65,58,144,65,118
92,70,83,129,73,95
93,82,87,108,76,97
94,73,71,122,69,115
95,60,67,128,82,113
96,72,78,143,65,92
97,70,85,114,76,105
98,37,54,60,45,69
99,68,77,129,75,101
100,62,74,129,61,124
101,73,78,116,76,107
102,53,82,119,74,122
103,66,73,147,63,101
104,56,95,125,67,107
105,56,77,145,70,102
106,54,73,141,54,128
107,60,71,130,63,126
108,61,82,142,62,103
109,50,47,90,32,83
110,52,78,168,55,97
111,57,75,151,54,113
112,50,77,164,56,103
113,81,72,138,54,105
114,67,89,127,64,103
115,70,76,131,71,102
116,79,78,139,70,84
117,75,96,119,65,95
118,76,83,114,74,103
119,80,88,122,67,93
120,75,74,129,74,98
121,79,79,123,80,89
122,81,91,107,98,73
123,70,89,116,72,103
124,61,74,142,76,97
125,83,68,113,88,98
126,73,79,122,78,98
127,84,83,105,75,103
128,85,89,108,74,94
129,71,66,131,90,92
130,74,88,99,93,96
131,93,84,105,96,72
132,69,90,109,81,101
133,84,79,116,76,95
134,80,86,92,97,95
135,78,83,115,80,94
136,83,84,110,92,81
137,82,74,117,89,88
138,66,75,132,81,96
139,67,80,124,85,94
140,80,87,109,72,102
141,73,81,129,80,87
142,89,64,119,80,98
143,86,72,134,53,105
144,86,79,105,76,104
145,75,71,125,82,97
146,81,72,104,84,109
147,77,76,113,64,120
148,73,69,124,82,102
149,76,76,118,88,92
150,78,73,141,66,92
151,94,79,120,70,87
152,76,74,122,92,86
153,76,72,112,87,103
154,82,69,120,86,93
155,82,79,122,79,88
156,69,68,112,104,97
157,79,78,124,82,87
158,75,71,123,77,104
159,90,73,108,86,93
160,89,73,130,74,84
161,59,64,116,67,99
162,72,44,162,62,110
163,67,62,144,75,102
164,73,51,131,86,109
165,63,67,129,80,111
166,66,41,171,74,98
167,69,55,141,85,100
168,61,54,148,78,109
169,69,58,125,88,110
170,67,51,145,76,111
171,73,41,167,81,88
172,63,34,154,99,100
173,60,41,173,89,87
174,66,40,170,83,91
175,70,33,185,78,84
176,60,51,151,93,95
177,46,49,151,94,110
178,60,60,152,90,88
179,51,41,168,85,105
180,66,44,147,106,87
181,66,57,145,95,87
182,67,75,125,96,87
183,75,55,127,97,96
184,66,57,130,85,112
185,64,55,143,92,96
186,72,63,128,96,91
187,79,52,113,101,105
188,58,60,131,98,103
189,56,52,142,114,86
190,97,61,116,80,96
191,76,59,126,117,72
192,68,65,110,107,100
193,51,65,122,122,90
194,77,49,126,99,99
195,68,52,133,88,109
196,72,62,120,110,86
197,68,52,124,97,109
198,84,63,125,86,92
199,70,73,112,98,97
200,70,59,124,83,114
201,82,88,105,87,88
202,74,85,107,96,88
203,69,88,91,101,101
204,71,51,136,91,101
205,32,36,47,46,45
206,44,35,179,100,92
207,56,56,134,100,104
208,66,51,144,97,92
209,62,59,137,88,104
210,69,64,130,97,90
211,79,65,127,99,80
212,62,55,137,108,88
213,53,62,151,93,91
214,57,64,132,116,81
215,59,58,139,106,88
216,64,59,133,112,82
217,55,57,145,91,102
218,51,58,174,89,78
219,49,64,138,115,84
220,68,71,132,90,89
221,78,77,138,75,82
222,63,71,124,113,79
223,60,66,141,100,83
224,75,61,141,102,71
225,70,52,134,108,86
226,59,71,146,96,78
227,52,67,152,93,86
228,61,60,141,98,90
229,61,64,165,76,84
230,61,57,149,94,89
231,58,68,144,88,92
232,69,65,141,86,89
233,60,75,151,87,77
234,63,58,160,80,89
235,62,66,172,84,66
236,56,45,169,92,88
237,52,54,162,97,85
238,49,56,169,86,90
239,52,53,178,88,79
240,54,61,155,109,71
241,50,42,141,78,73
242,46,46,188,90,80
243,48,57,162,96,87
244,62,65,156,91,76
245,39,67,165,92,87
246,44,53,162,100,91
247,42,55,181,88,84
248,46,66,183,77,78
249,50,50,155,92,103
250,60,68,162,92,68
251,59,74,134,97,86
252,65,82,135,80,88
253,52,53,151,86,108
254,55,71,143,99,82
255,18,14,36,24,15
256,57,53,155,97,88
257,50,63,144,105,88
258,48,66,167,89,80
259,57,68,160,86,79
260,37,33,78,43,33
261,62,63,148,99,78
262,63,66,151,84,86
263,50,75,144,89,92
264,61,64,160,91,74
265,65,70,141,87,87
266,44,62,163,104,77
267,64,73,127,104,82
268,62,64,140,91,93
269,50,56,176,84,84
270,46,50,182,83,89
271,57,45,162,96,90
272,50,51,190,81,78
273,49,48,176,95,82
274,47,51,200,78,74
275,41,33,210,108,58
276,30,51,189,110,70
277,39,42,200,96,73
278,41,53,189,114,53
279,36,44,170,111,89
280,36,46,192,101,75
281,49,42,200,108,51
282,43,45,185,113,64
283,43,56,196,98,57
284,43,45,189,121,52
285,35,36,195,106,78
286,50,44,189,104,63
287,44,37,219,94,56
288,34,45,182,122,67
289,40,54,170,115,71
290,46,49,172,108,75
291,35,39,195,120,61
292,37,38,190,100,85
293,35,42,179,132,62
294,27,55,167,118,77
295,34,38,180,128,70
296,33,45,185,122,65
297,29,41,187,128,65
298,16,34,201,126,73
299,40,45,181,116,68
300,37,44,179,118,72
301,40,37,173,131,69
302,38,60,158,116,78
303,36,52,158,124,80
304,52,45,166,103,84
305,37,52,147,127,87
306,39,42,171,114,84
307,37,46,181,110,76
308,38,51,193,106,62
309,23,36,112,56,45
310,29,53,180,109,79
311,39,50,181,97,83
312,29,59,177,93,92
313,33,61,183,119,54
314,44,52,162,118,74
315,39,71,155,109,76
316,34,48,169,122,77
317,40,49,175,105,81
318,29,46,196,107,72
319,29,34,121,61,71
320,28,40,198,104,80
321,34,46,196,98,76
322,31,47,194,104,74
323,34,62,180,104,70
324,51,56,168,119,56
325,35,52,196,100,67
326,40,49,180,98,83
327,33,49,190,106,72
328,26,35,146,90,77
329,26,43,207,115,59
330,32,25,204,109,80
331,37,45,200,102,66
332,44,47,186,91,82
333,42,54,163,109,82
334,34,52,150,116,98
335,29,56,164,116,85
336,28,65,148,94,53
337,30,35,202,105,78
338,35,45,180,122,68
339,32,62,181,104,71
340,53,51,171,103,72
341,33,54,169,114,80
342,29,55,161,128,77
343,41,39,172,108,90
344,38,75,156,108,73
345,39,63,175,108,65
346,13,18,60,52,23
347,40,61,173,110,66
348,25,63,166,97,99
349,37,60,152,115,86
350,35,40,174,110,91
351,41,47,168,105,89
352,44,62,156,95,93
353,56,64,154,103,73
354,61,62,144,116,67
355,49,71,133,115,82
356,39,70,140,119,82
357,48,63,146,112,81
358,42,65,148,112,83
359,48,70,154,101,77
360,40,55,184,108,63
361,46,63,144,108,89
362,47,68,164,107,64
363,49,52,148,118,83
364,53,58,133,126,80
365,46,69,142,105,88
366,68,64,124,93,101
367,53,68,124,125,80
368,58,66,143,98,85
369,61,54,155,106,74
370,49,61,157,110,73
371,40,61,159,107,83
372,47,66,149,108,80
373,37,53,168,115,77
374,47,62,173,99,69
375,46,75,149,107,73
376,37,58,148,121,86
377,45,53,179,108,65
378,44,63,132,128,83
379,33,64,167,103,83
380,34,66,158,109,83
381,43,67,162,98,80
382,40,59,152,109,90
383,39,60,166,108,77
384,52,57,162,90,89
385,42,74,142,104,88
386,54,71,153,96,76
387,64,74,144,89,79
388,64,83,134,87,82
389,66,87,112,99,86
390,62,79,132,101,76
391,60,75,119,113,83
392,68,94,108,94,86
393,55,72,135,104,84
394,57,88,129,92,84
395,51,89,125,101,84
396,63,69,136,109,73
397,54,68,143,97,88
398,65,60,125,98,102
399,58,79,123,102,88
400,59,74,104,120,93
401,54,68,126,125,77
402,47,77,118,124,84
403,61,70,127,116,76
404,47,74,152,113,64
405,63,70,121,109,87
406,67,62,131,99,91
407,38,79,126,108,93
408,40,82,140,115,73
409,62,68,141,114,65
410,50,69,152,114,65
411,68,65,124,120,73
412,57,71,134,130,58
413,55,75,132,118,70
414,47,72,133,118,80
415,51,62,130,119,88
416,38,65,151,114,82
417,42,47,172,124,65
418,31,36,84,70,42
419,41,63,166,119,61
420,35,67,160,111,77
421,33,55,163,140,59
422,30,52,175,109,84
423,27,52,184,117,70
424,18,50,176,131,65
425,23,32,141,86,44
426,21,31,250,100,48
427,34,37,226,103,50
428,29,45,196,121,59
429,17,46,208,102,77
430,25,46,212,113,54
431,35,40,193,118,64
432,32,50,212,96,60
433,28,53,198,103,68
434,29,53,208,97,63
435,30,43,204,118,55
436,26,45,193,127,59
437,26,51,200,113,60
438,43,51,177,115,64
439,31,66,175,127,51
440,48,60,166,118,58
441,39,45,169,120,77
442,39,46,192,117,56
443,35,38,208,115,54
444,40,58,174,124,54
445,37,52,180,115,66
446,27,60,196,116,51
447,37,53,185,106,69
448,25,68,184,104,69
449,49,69,150,116,66
450,49,68,138,145,50
451,58,66,136,105,85
452,58,73,142,112,65
453,64,78,137,106,65
454,43,70,140,122,75
455,48,60,149,123,70
456,43,72,169,111,55
457,41,64,150,133,62
458,36,76,134,114,55
459,41,55,180,118,56
460,42,63,168,129,48
461,23,71,163,131,62
462,38,76,160,111,65
463,44,76,157,126,47
464,45,91,141,112,61
465,43,82,157,112,56
466,36,70,156,125,63
467,31,75,156,131,57
468,42,92,145,106,65
469,34,73,170,102,71
470,36,78,170,108,58
471,38,83,162,103,64
472,42,82,137,110,79
473,37,74,161,99,79
474,39,76,140,113,82
475,40,69,159,111,71
476,44,96,132,105,73
477,37,92,157,101,63
478,47,68,148,114,73
479,47,85,127,112,79
480,28,60,114,80,41
481,26,69,164,120,71
482,31,67,166,134,52
483,30,71,159,116,74
484,49,76,142,109,74
485,38,74,156,121,61
486,44,83,136,111,76
487,45,82,147,104,72
488,42,73,141,102,92
489,49,93,129,93,86
490,54,89,126,98,83
491,57,96,106,96,95
492,64,108,113,86,79
493,63,71,128,93,79
494,61,84,131,96,78
495,62,82,138,111,57
496,57,79,155,96,63
497,46,70,165,98,71
498,61,69,140,109,71
499,36,94,141,105,74
500,44,84,136,107,79
501,36,96,143,111,64
502,47,85,153,109,56
503,52,88,136,97,77
504,63,76,147,102,62
505,55,80,140,94,81
506,56,82,132,97,83
507,45,84,151,105,65
508,38,92,139,108,73
509,50,67,149,118,66
510,27,35,93,76,42
511,35,70,156,116,73
512,45,71,160,107,67
513,38,72,162,104,74
514,50,65,148,106,81
515,38,67,179,114,52
516,49,71,169,87,74
517,42,67,151,123,67
518,37,76,180,103,54
519,35,71,176,108,60
520,29,86,162,96,77
521,32,70,168,113,67
522,42,74,148,120,66
523,42,76,154,109,69
524,31,64,161,116,78
525,38,69,146,122,75
526,35,88,168,100,59
527,33,89,136,123,69
528,31,80,165,104,70
529,34,81,142,112,81
530,37,80,156,121,56
531,48,85,139,97,81
532,40,82,158,91,79
533,42,76,144,112,76
534,37,76,163,108,66
535,36,81,140,112,81
536,39,88,155,92,76
537,40,81,149,104,76
538,23,88,151,124,64
539,28,77,158,114,73
540,25,70,164,126,65
541,32,81,161,95,81
542,36,78,145,116,75
543,36,90,135,116,73
544,36,81,148,104,81
545,36,80,153,103,78
546,26,91,141,118,74
547,28,74,155,88,105
548,36,60,160,116,78
549,36,67,180,88,79
550,30,58,139,82,68
551,37,81,173,91,68
552,43,83,158,92,74
553,42,60,174,96,78
554,35,80,166,106,63
555,40,85,140,110,75
556,45,80,149,97,79
557,36,68,144,92,70
558,34,77,152,108,79
559,41,72,176,93,68
560,20,57,132,70,70
561,34,66,171,87,92
562,34,60,181,88,87
563,31,78,151,96,94
564,31,61,171,106,81
565,37,87,135,106,85
566,34,72,150,105,89
567,47,64,138,111,90
568,52,85,125,99,89
569,46,70,142,95,97
570,52,77,131,89,101
571,38,67,150,99,96
572,34,60,168,101,87
573,33,83,166,92,76
574,39,66,171,67,107
575,50,61,150,103,86
576,36,76,162,91,85
577,43,85,132,95,95
578,42,97,110,104,97
579,50,74,149,78,99
580,47,79,133,94,97
581,44,78,140,98,90
582,52,83,135,82,98
583,29,74,148,101,98
584,52,61,150,99,88
585,33,94,152,85,86
586,12,33,70,41,35
587,24,70,191,92,73
588,28,61,166,93,102
589,28,78,182,74,88
590,28,66,182,99,75
591,23,70,200,89,68
592,24,61,182,103,80
593,41,69,178,85,77
594,23,59,131,88,74
595,20,69,174,113,74
596,27,67,177,106,73
597,24,65,177,106,78
598,30,61,175,102,82
599,34,61,182,98,75
600,21,79,182,89,79
601,27,55,194,86,88
602,27,58,186,85,94
603,24,62,187,84,93
604,38,71,155,85,101
605,31,78,166,100,75
606,26,73,168,98,85
607,31,66,170,94,89
608,46,67,171,85,81
609,31,67,173,102,77
610,47,58,154,88,103
611,33,70,152,108,87
612,35,65,190,84,76
613,43,57,176,86,88
614,38,65,178,92,77
615,40,59,171,103,77
616,36,55,169,102,88
617,34,62,177,95,82
618,37,68,167,76,102
619,18,73,202,75,82
620,31,76,189,77,77
621,41,54,194,89,72
622,33,74,187,85,71
623,40,71,176,80,83
624,38,61,177,75,99
625,42,68,175,75,90
626,20,32,104,57,64
627,45,54,178,90,83
628,31,63,171,93,92
629,37,61,183,86,83
630,44,66,166,93,81
631,60,58,138,91,103
632,52,69,155,81,93
633,68,76,136,92,78
634,35,60,95,52,63
635,44,69,159,82,96
636,44,65,167,88,86
637,50,79,144,82,95
638,65,72,152,66,95
639,30,84,143,97,96
640,45,69,156,88,92
641,60,82,129,79,100
642,50,74,152,82,92
643,46,69,169,86,80
644,52,75,149,86,88
645,53,86,148,86,77
646,50,83,140,93,84
647,59,63,115,110,103
648,64,71,145,87,83
649,47,76,140,94,93
650,59,85,139,81,86
651,58,69,153,89,81
652,48,73,153,91,85
653,51,80,146,80,93
654,46,77,163,78,86
655,38,70,161,92,89
656,51,71,153,85,90
657,38,63,159,94,96
658,28,70,165,88,99
659,28,58,194,86,84
660,34,62,166,104,84
661,42,81,165,89,73
662,46,71,158,93,82
663,53,61,162,95,79
664,43,61,161,103,82
665,32,68,182,95,73
666,22,72,171,98,87
667,30,72,180,99,69
668,39,46,186,103,76
669,42,58,185,101,64
670,27,71,214,73,65
671,31,67,163,115,74
672,33,49,207,90,71
673,27,66,188,105,64
674,28,47,203,94,78
675,31,52,189,95,83
676,24,41,150,76,57
677,28,68,158,99,97
678,33,55,183,106,73
679,32,63,171,105,79
680,32,54,211,88,65
681,30,45,230,77,68
682,22,59,220,75,74
683,17,43,237,76,77
684,33,51,235,69,62
685,26,55,233,75,61
686,38,50,207,84,71
687,33,56,182,92,87
688,38,61,206,79,66
689,32,64,195,79,80
690,22,53,216,87,72
691,25,51,214,79,81
692,28,53,186,71,78
693,20,55,238,75,62
694,25,43,232,83,67
695,29,79,181,76,85
696,39,68,189,73,81
697,27,47,220,78,78
698,27,43,234,73,73
699,25,56,245,70,54
700,18,27,178,55,42
701,5,14,91,38,30
702,27,40,261,75,47
703,20,40,247,91,52
704,26,48,233,79,64
705,28,45,246,83,48
706,22,43,204,98,83
707,32,37,230,85,66
708,21,37,231,91,70
709,22,41,228,83,76
710,28,49,222,81,70
711,32,55,190,79,94
712,26,63,213,84,64
713,39,35,215,95,66
714,32,62,189,84,83
715,31,45,217,74,83
716,18,54,216,83,79
717,27,65,189,92,77
718,36,63,173,97,81
719,51,72,155,85,87
720,43,67,177,84,79
721,34,74,163,100,79
722,26,58,225,81,60
723,41,71,200,76,62
724,24,49,241,72,64
725,24,48,231,86,61
726,28,60,204,88,70
727,39,44,179,95,93
728,29,45,214,89,73
729,32,44,198,115,61
730,44,41,199,99,67
731,35,49,179,102,85
732,36,67,187,106,54
733,45,46,172,114,73
734,40,63,165,97,85
735,45,73,150,99,83
736,28,42,191,102,87
737,39,49,175,108,79
738,31,60,176,102,81
739,42,55,180,92,81
740,26,48,185,110,81
741,30,59,195,100,66
742,32,52,203,100,63
743,12,40,229,105,64
744,37,41,196,89,87
745,22,32,252,97,47
746,23,36,208,101,82
747,30,51,181,107,81
748,26,37,222,90,75
749,19,33,249,98,51
750,25,43,211,96,75
751,22,35,216,92,85
752,24,41,223,98,64
753,25,57,174,99,95
754,22,40,238,94,56
755,9,13,310,78,40
756,18,21,273,85,53
757,33,50,218,92,57
758,26,37,242,73,72
759,23,33,229,93,72
760,38,37,225,82,68
761,35,44,188,110,73
762,31,55,180,112,72
763,33,53,177,105,82
764,2,11,63,25,18
765,10,23,271,94,52
766,9,18,84,58,17
767,47,52,153,102,96
768,26,42,226,80,76
769,12,17,137,56,33
770,41,50,179,109,71
771,36,52,174,108,80
772,33,36,205,95,81
773,43,62,155,101,89
774,33,41,187,97,92
775,32,50,181,106,81
776,24,40,194,107,85
777,45,68,133,95,109
778,40,49,146,119,96
779,16,32,247,93,62
780,27,62,166,125,70
781,38,58,163,106,85
782,15,40,124,74,51
783,18,55,216,92,69
784,24,60,175,111,80
785,39,47,171,111,82
786,54,74,129,109,84
787,22,56,191,112,69
788,25,57,180,115,73
789,28,48,193,104,77
790,42,54,161,100,93
791,30,59,176,112,73
792,25,54,179,121,71
793,26,54,168,110,92
794,23,31,95,51,43
795,20,52,141,81,43
796,11,41,237,96,65
797,36,52,166,115,81
798,25,48,179,118,80
799,12,31,214,118,75
800,20,47,222,103,58
801,22,50,190,120,68
802,28,59,178,115,70
803,27,58,181,113,71
804,4,28,288,84,46
805,7,25,277,99,42
806,13,36,234,98,69
807,15,35,197,85,50
808,25,45,213,101,66
809,36,67,173,95,79
810,38,68,168,99,77
811,33,54,181,109,73
812,22,40,220,89,79
813,23,59,151,119,98
814,29,53,163,114,91
815,17,25,51,28,30
816,21,49,221,85,74
817,24,47,207,103,69
818,49,66,155,108,72
819,38,62,165,95,90
820,17,55,205,105,68
821,30,48,183,107,82
822,11,38,239,95,67
823,30,51,179,114,76
824,41,61,174,100,74
825,31,61,199,93,66
826,19,39,134,56,56
827,13,45,244,80,68
828,37,55,187,83,88
829,29,59,185,89,88
830,31,62,170,93,94
831,20,55,210,85,80
832,29,72,166,102,81
833,42,71,145,104,88
834,19,27,79,43,34
835,26,53,181,96,94
836,46,53,175,89,87
837,33,50,117,81,63
838,35,67,152,101,95
839,44,61,172,88,85
840,39,69,192,72,78
841,32,65,190,94,69
842,31,69,193,82,75
843,25,54,233,67,71
844,25,54,223,61,87
845,36,70,156,105,83
846,43,71,156,90,90
847,21,62,159,69,58
848,26,80,159,109,76
849,53,78,148,88,83
850,31,65,178,99,77
851,43,82,143,96,86
852,31,60,178,92,89
853,13,55,233,71,78
854,21,47,238,60,84
855,41,74,174,87,74
856,22,36,242,90,60
857,22,64,221,81,62
858,35,72,173,106,64
859,35,71,196,81,67
860,39,69,176,91,75
861,38,66,175,90,81
862,20,45,113,44,34
863,30,69,202,76,73
864,54,83,152,82,79
865,34,108,157,71,80
866,53,78,141,90,88
867,40,66,162,100,82
868,60,82,144,90,74
869,39,79,147,104,81
870,62,97,127,78,86
871,67,90,127,82,84
872,27,96,151,99,77
873,43,66,175,85,81
874,63,70,125,97,95
875,37,75,186,84,68
876,57,68,145,82,98
877,42,71,166,87,84
878,50,81,148,96,75
879,69,70,131,92,88
880,61,79,130,81,99
881,27,70,206,70,77
882,32,64,180,88,86
883,48,62,152,115,73
884,40,84,184,91,51
885,21,70,166,64,60
886,37,57,169,97,90
887,26,69,216,72,67
888,46,70,169,89,76
889,7,70,244,68,61
890,54,79,147,78,92
891,29,60,207,85,69
892,35,56,208,86,65
893,76,68,143,80,83
894,46,90,135,88,91
895,34,58,216,77,65
896,38,64,183,84,81
897,51,80,143,95,81
898,52,94,137,89,78
899,53,69,160,90,78
900,70,84,121,92,83
901,86,76,106,102,80
902,51,90,137,84,88
903,54,84,135,92,85
904,36,78,165,85,86
905,35,92,146,90,87
906,48,77,153,92,80
907,52,98,142,73,85
908,42,63,172,94,79
909,51,67,167,91,74
910,48,74,154,103,71
911,64,52,163,89,82
912,41,66,167,102,74
913,45,78,143,85,99
914,51,75,156,98,70
915,55,68,147,91,89
916,48,75,155,101,71
917,37,64,183,91,75
918,28,59,176,100,87
919,32,58,181,99,80
920,9,25,258,89,69
921,9,23,305,63,50
922,40,49,132,78,55
923,11,46,230,96,67
924,26,57,218,81,68
925,20,33,136,43,42
926,13,28,301,60,48
927,29,45,241,61,74
928,31,42,212,89,76
929,32,63,185,83,87
930,32,55,198,74,91
931,47,45,156,119,83
932,45,65,162,87,91
933,26,61,179,100,84
934,42,74,146,107,81
935,28,58,169,104,91
936,41,72,166,83,88
937,32,50,179,99,90
938,31,75,160,103,81
939,40,56,177,105,72
940,25,55,184,87,99
941,19,32,238,84,77
942,36,68,148,108,90
943,28,51,208,98,65
944,47,64,153,89,97
945,26,60,171,84,109
946,47,65,150,107,81
947,18,52,207,104,69
948,25,50,192,92,91
949,35,67,160,105,83
950,23,36,88,63,54
951,23,43,97,65,54
952,14,35,231,91,79
953,9,45,231,84,81
954,42,49,161,113,85
955,24,62,158,119,87
956,42,59,164,100,85
957,54,72,109,121,94
958,73,84,114,93,86
959,39,58,166,104,83
960,48,80,143,98,81
961,63,82,105,105,95
962,64,85,113,98,90
963,52,73,120,100,98
964,31,59,166,114,80
965,41,72,142,115,80
966,49,66,142,109,84
967,40,77,141,103,89
968,46,68,140,102,94
969,58,75,137,94,86
970,31,62,143,112,102
971,51,76,138,92,93
972,44,72,137,104,93
973,44,70,136,101,99
974,32,56,166,104,92
975,60,70,130,106,84
976,35,81,154,98,82
977,49,65,126,111,99
978,29,50,184,91,96
979,38,49,157,91,115
980,32,59,174,102,83
981,46,69,159,85,91
982,29,61,167,99,94
983,23,49,194,98,86
984,29,37,195,93,96
985,40,52,176,103,79
986,29,49,152,83,82
987,27,48,202,84,89
988,33,48,180,97,92
989,20,41,187,93,109
990,35,45,180,91,99
991,29,43,189,81,108
992,16,34,220,68,112
993,61,78,138,70,103
994,53,60,146,94,97
995,50,58,137,103,102
996,28,28,170,84,140
997,61,65,127,87,110
998,53,57,129,96,115
999,62,58,121,90,119
1000,26,52,161,85,126
1001,23,43,159,81,144
1002,40,59,134,94,123
1003,18,47,177,78,130
1004,31,33,144,78,164
1005,67,65,121,93,104
1006,39,47,144,111,109
1007,35,43,170,76,126
1008,49,59,132,85,125
1009,51,72,123,82,122
1010,66,60,120,94,110
1011,25,37,164,85,139
1012,43,51,148,97,111
1013,50,57,144,102,97
1014,69,65,124,83,109
1015,42,47,154,96,111
1016,42,57,150,87,114
1017,72,67,103,108,100
1018,74,60,126,94,96
1019,51,43,139,90,127
1020,65,64,135,85,101
1021,53,47,149,96,105
1022,60,62,119,103,106
1023,75,85,107,91,92
1024,46,60,137,99,108
1025,51,62,114,100,123
1026,96,78,105,64,107
1027,35,38,170,90,117
1028,55,49,141,95,110
1029,38,43,158,99,112
1030,60,70,128,90,102
1031,59,61,131,92,107
1032,46,62,159,73,110
1033,67,67,119,107,90
1034,71,80,107,95,97
1035,52,60,132,102,104
1036,41,47,148,114,100
1037,65,65,132,85,103
1038,70,68,126,100,86
1039,47,48,137,102,116
1040,79,96,115,91,69
1041,95,88,92,93,82
1042,67,83,103,96,101
1043,94,81,100,85,90
1044,48,54,147,80,121
1045,54,60,144,82,110
1046,79,78,100,109,84
1047,58,76,139,91,86
1048,48,51,153,94,104
1049,67,71,106,106,100
1050,94,81,92,103,80
1051,33,41,167,93,116
1052,57,66,130,105,92
1053,54,55,152,95,94
1054,42,34,164,110,100
1055,55,50,129,105,111
1056,47,43,145,119,96
1057,57,46,142,103,102
1058,39,36,169,101,105
1059,72,56,137,106,79
1060,48,47,144,113,98
1061,62,53,150,88,97
1062,53,45,138,134,80
1063,86,67,103,105,89
1064,48,41,143,122,96
1065,36,33,158,110,113
1066,40,32,154,103,121
1067,76,68,130,95,81
1068,88,63,119,95,85
1069,82,89,108,99,72
1070,88,66,123,85,88
1071,100,64,121,83,82
1072,59,61,124,105,101
1073,58,45,153,98,96
1074,62,53,145,106,84
1075,56,50,169,93,82
1076,92,57,129,100,72
1077,57,49,166,98,80
1078,58,48,151,112,81
1079,34,39,192,82,103
1080,99,75,117,89,70
1081,79,70,117,111,73
1082,64,35,159,93,99
1083,81,58,128,95,88
1084,62,43,156,99,90
1085,41,40,182,90,97
1086,48,44,87,76,52
1087,67,51,146,108,78
1088,46,38,151,134,81
1089,19,16,226,100,89
1090,58,44,148,125,75
1091,82,64,129,106,69
1092,70,47,99,133,101
1093,86,63,110,121,70
1094,15,20,170,124,121
1095,54,44,149,103,100
1096,99,77,104,106,64
1097,73,85,112,94,86
1098,56,58,135,116,85
1099,58,52,127,122,91
1100,80,75,112,107,76
1101,81,74,105,103,87
1102,68,56,109,115,102
1103,53,51,131,102,113
1104,42,62,116,128,102
1105,91,66,99,97,97
1106,25,43,145,103,134
1107,103,61,85,106,95
1108,81,70,85,111,103
1109,81,71,110,87,101
1110,86,69,90,88,117
1111,42,51,129,92,136
1112,68,89,91,92,110
1113,106,78,77,98,91
1114,51,55,108,109,127
1115,97,70,82,81,99
1116,61,37,102,119,131
1117,33,35,137,88,157
1118,122,79,72,73,104
1119,56,55,122,94,123
1120,97,57,90,92,114
1121,81,57,102,84,126
1122,106,63,87,93,101
1123,73,77,92,96,112
1124,59,55,122,85,129
1125,100,75,81,95,99
1126,69,92,92,97,100
1127,55,74,106,91,124
1128,53,65,100,84,148
1129,93,63,104,87,103
1130,105,77,84,90,94
1131,85,73,86,89,117
1132,67,60,106,88,129
1133,62,82,116,98,92
1134,55,47,127,94,127
1135,98,42,109,96,105
1136,55,60,111,110,114
1137,43,35,142,107,123
1138,80,48,122,88,112
1139,27,11,116,94,85
1140,53,37,133,118,109
1141,53,32,144,98,123
1142,40,28,74,61,62
1143,43,28,149,125,105
1144,13,8,241,74,114
1145,37,36,192,90,95
1146,60,40,141,101,108
1147,65,47,148,94,96
1148,57,41,137,119,96
1149,12,10,220,92,116
1150,94,68,107,104,77
1151,44,20,191,102,93
1152,37,30,174,110,99
1153,76,36,145,119,74
1154,17,21,216,110,86
1155,48,33,172,109,88
1156,75,47,144,101,83
1157,43,31,100,63,35
1158,23,8,256,80,83
1159,36,17,193,111,93
1160,127,41,139,90,53
1161,11,11,297,56,75
1162,58,14,250,60,68
1163,29,21,206,99,95
1164,115,31,116,104,84
1165,86,64,110,107,83
1166,194,50,65,98,43
1167,132,67,88,95,68
1168,159,63,83,88,57
1169,160,59,83,95,53
1170,142,72,88,93,55
1171,128,61,103,80,78
1172,96,92,102,93,67
1173,115,82,84,95,74
1174,146,77,89,67,71
1175,118,76,86,104,66
1176,123,64,97,104,62
1177,145,60,88,90,67
1178,133,63,85,101,68
1179,120,63,85,101,81
1180,134,42,93,109,72
1181,88,20,150,104,88
1182,128,39,121,114,48
1183,113,25,132,127,53
1184,84,24,140,135,67
1185,9,1,273,79,88
1186,26,13,209,103,99
1187,129,41,106,120,54
1188,72,28,149,134,67
1189,97,33,133,125,62
1190,69,35,147,119,80
1191,76,38,144,122,70
1192,68,24,151,138,69
1193,41,19,167,134,89
1194,85,31,130,127,77
1195,132,49,96,117,56
1196,136,35,107,119,53
1197,37,21,170,125,97
1198,155,36,92,119,48
1199,126,38,105,131,50
1200,28,20,161,144,97
1201,73,35,125,131,86
1202,121,36,115,116,62
1203,94,22,117,146,71
1204,41,13,185,146,65
1205,55,27,150,161,57
1206,81,24,154,122,69
1207,71,22,130,157,70
1208,53,34,160,130,73
1209,97,35,105,144,69
1210,50,14,181,123,82
1211,53,25,169,108,95
1212,103,39,115,117,76
1213,46,29,171,131,73
1214,98,52,118,115,67
1215,122,40,93,135,60
1216,58,34,139,143,76
1217,46,28,172,128,76
1218,108,45,112,127,58
1219,48,30,178,131,63
1220,70,30,126,141,77
1221,39,15,167,149,64
1222,11,11,188,167,73
1223,29,9,175,147,90
1224,26,13,179,138,94
1225,33,13,162,152,90
1226,46,17,172,148,67
1227,24,14,176,147,89
1228,85,34,120,142,69
1229,26,20,163,130,111
1230,77,36,123,123,91
1231,41,26,157,144,82
1232,23,11,205,123,88
1233,63,24,158,136,69
1234,47,30,172,136,65
1235,32,26,175,130,87
1236,41,26,178,129,76
1237,53,36,158,120,83
1238,83,31,151,127,58
1239,60,24,140,144,82
1240,50,28,167,138,67
1241,87,51,123,125,64
1242,8,5,260,100,77
1243,57,41,144,124,84
1244,30,16,228,98,78
1245,52,27,163,121,87
1246,22,22,189,113,104
1247,95,47,114,115,79
1248,45,32,169,123,81
1249,97,53,94,114,92
1250,68,41,126,108,107
1251,115,45,110,112,68
1252,81,27,135,122,85
1253,38,18,169,104,121
1254,66,56,135,107,86
1255,71,46,135,99,99
1256,42,17,156,89,146
1257,44,26,176,85,119
1258,145,49,84,100,72
1259,47,28,162,100,113
1260,119,42,118,93,78
1261,57,44,130,111,108
1262,95,41,113,106,95
1263,22,10,258,36,124
1264,138,50,105,92,65
1265,78,40,139,107,86
1266,97,39,131,89,94
1267,87,45,122,118,78
1268,160,66,80,72,72
1269,83,61,114,104,88
1270,129,52,97,89,83
1271,84,45,141,85,95
1272,79,44,132,84,85
1273,59,39,159,108,85
1274,112,37,106,94,101
1275,87,23,146,103,91
1276,122,38,115,105,70
1277,37,32,175,85,121
1278,40,17,159,109,125
1279,66,28,143,102,111
1280,153,41,101,85,70
1281,103,32,123,80,112
1282,82,28,108,87,145
1283,27,19,155,86,163
1284,36,33,165,84,132
1285,59,21,141,85,144
1286,66,25,139,81,139
1287,39,30,157,90,134
1288,96,42,104,98,110
1289,27,11,159,98,155
1290,8,4,197,41,200
1291,89,50,122,93,96
1292,85,66,101,92,100
1293,30,20,167,85,148
1294,149,49,88,90,74
1295,27,18,174,89,142
1296,86,34,124,116,90
1297,30,27,173,85,135
1298,58,41,135,101,115
1299,60,34,135,94,127
1300,104,43,114,81,108
1301,95,43,107,90,115
1302,112,56,100,81,101
1303,111,47,118,84,90
1304,142,57,84,81,86
1305,31,8,171,93,147
1306,34,24,173,96,123
1307,81,38,153,77,101
1308,83,63,109,79,116
1309,147,39,109,89,66
1310,103,30,117,92,108
1311,111,52,99,93,95
1312,131,46,102,82,89
1313,104,28,125,82,79
1314,13,4,241,40,152
1315,65,16,175,60,134
1316,82,23,163,81,101
1317,77,44,137,73,119
1318,165,48,91,92,54
1319,114,26,131,77,102
1320,175,41,97,69,68
1321,194,39,84,76,57
1322,197,50,74,72,57
1323,192,37,77,86,58
1324,147,41,104,82,76
1325,108,17,143,99,83
1326,115,26,126,107,76
1327,196,32,77,89,56
1328,109,27,126,105,83
1329,57,8,179,102,104
1330,72,23,165,98,92
1331,153,45,92,111,49
1332,91,27,158,96,78
1333,143,38,92,104,73
1334,121,54,104,100,71
1335,61,37,168,91,93
1336,144,36,96,105,69
1337,95,37,120,114,84
1338,25,5,217,53,150
1339,125,20,123,97,85
1340,119,31,138,82,80
1341,127,40,136,90,57
1342,165,32,88,107,58
1343,85,31,148,118,68
1344,199,22,101,80,48
1345,39,10,236,73,92
1346,123,58,103,106,60
1347,96,45,124,86,99
1348,55,14,184,94,103
1349,98,33,129,100,90
1350,65,23,165,91,106
1351,104,37,123,99,87
1352,71,35,146,84,106
1353,78,27,142,96,107
1354,99,45,125,99,82
1355,175,44,70,96,65
1356,128,54,100,88,80
1357,193,39,78,75,65
1358,148,75,84,72,71
1359,140,31,112,86,81
1360,190,32,85,79,64
1361,58,31,107,60,81
1362,69,9,189,62,121
1363,109,19,164,68,90
1364,205,26,89,75,55
1365,124,24,135,85,82
1366,227,34,57,83,49
1367,110,35,105,93,107
1368,100,24,137,90,99
1369,172,28,82,107,61
1370,47,12,179,93,119
1371,109,29,130,100,82
1372,31,15,195,77,132
1373,132,43,102,112,61
1374,82,39,136,108,85
1375,199,63,74,76,38
1376,128,38,113,97,74
1377,108,50,113,99,80
1378,157,36,84,109,64
1379,210,60,72,73,35
1380,185,56,66,90,53
1381,110,34,125,101,80
1382,117,38,56,85,46
1383,116,53,105,112,64
1384,79,40,75,79,35
1385,110,61,100,115,64
1386,137,41,101,120,51
1387,61,21,152,134,82
1388,69,28,136,117,100
1389,119,53,104,99,75
1390,43,24,161,108,114
1391,143,32,73,92,56
1392,97,30,106,127,90
1393,99,62,95,104,90
1394,208,41,64,92,45
1395,77,38,90,133,112
1396,164,40,73,116,57
1397,231,28,59,82,50
1398,60,24,154,121,91
1399,78,52,119,129,72
1400,65,27,137,110,111
1401,140,27,102,108,73
1402,63,26,148,115,98
1403,86,42,121,89,112
1404,138,38,88,126,60
1405,202,40,57,102,49
1406,130,66,97,84,73
1407,86,29,128,111,96
1408,86,48,114,119,83
1409,158,50,77,103,62
1410,65,28,137,114,106
1411,191,52,74,83,50
1412,59,40,133,123,95
1413,104,45,127,99,75
1414,240,42,59,75,34
1415,67,45,150,103,85
1416,120,51,87,125,67
1417,81,48,124,126,71
1418,73,30,137,133,77
1419,96,36,117,128,73
1420,127,44,115,108,56
1421,158,42,85,111,54
1422,152,33,59,89,30
1423,138,51,91,110,60
1424,162,60,87,88,53
1425,140,36,45,57,25
1426,234,35,51,101,29
1427,166,50,86,118,30
1428,254,40,46,83,27
1429,146,51,89,105,59
1430,92,26,109,136,87
1431,118,68,85,109,70
1432,146,62,73,105,64
1433,183,46,75,111,35
1434,166,35,88,111,50
1435,178,24,67,124,57
1436,159,46,75,131,39
1437,148,29,90,120,63
1438,170,41,101,94,44
1439,159,43,88,111,49
1440,113,36,94,139,68
1441,147,52,85,99,67
1442,78,19,134,138,81
1443,148,30,98,117,57
1444,139,40,112,109,50
1445,223,32,48,109,38
1446,98,31,105,139,77
1447,217,39,70,83,41
1448,93,22,135,121,79
1449,73,9,138,128,102
1450,240,21,58,84,47
1451,132,31,100,131,56
1452,188,49,67,101,45
1453,265,22,40,82,41
1454,42,9,151,159,89
1455,108,24,129,129,60
1456,174,29,72,124,51
1457,118,15,85,162,70
1458,281,20,40,87,22
1459,32,4,157,111,146
1460,159,12,98,104,77
1461,194,11,75,123,47
1462,228,28,52,92,50
1463,180,27,82,97,64
1464,196,26,74,103,51
1465,277,13,41,62,57
1466,222,18,63,97,50
1467,212,8,65,130,35
1468,246,27,57,92,28
1469,197,18,89,106,40
1470,89,7,126,153,75
1471,31,3,177,78,161
1472,174,38,82,79,55
1473,84,15,116,111,124
1474,282,16,38,75,39
1475,261,20,56,65,48
1476,149,12,111,103,75
1477,115,13,119,113,90
1478,136,16,54,52,44
1479,174,22,100,67,87
1480,192,13,94,65,86
1481,181,24,107,67,71
1482,220,24,90,67,49
1483,195,18,92,77,68
1484,209,17,85,86,53
1485,297,15,53,57,28
1486,272,2,90,47,39
1487,322,19,32,50,27
1488,190,15,112,68,65
1489,283,15,56,53,43
1490,291,6,71,43,39
1491,182,9,112,80,67
1492,261,9,62,49,69
1493,210,11,89,71,69
1494,268,38,46,67,31
1495,129,12,106,90,113
1496,170,6,88,78,108
1497,186,24,94,66,80
1498,163,14,88,84,101
1499,180,20,85,84,81
1500,138,18,109,101,84
1501,258,18,55,78,41
1502,204,34,60,86,66
1503,291,15,41,66,37
1504,228,19,80,59,64
1505,179,11,111,68,81
1506,250,19,61,79,41
1507,42,6,73,49,66
1508,24,1,190,87,148
1509,22,3,165,78,182
1510,109,17,132,80,112
1511,133,20,114,99,84
1512,63,14,161,92,120
1513,22,6,195,47,180
1514,59,11,145,64,171
1515,161,33,107,65,84
1516,57,9,70,46,63
1517,196,13,61,95,85
1518,56,7,137,96,154
1519,127,14,117,69,123
1520,231,10,61,68,80
1521,193,23,72,71,91
1522,137,4,94,92,123
1523,230,24,53,77,66
1524,36,4,134,64,212
1525,176,24,86,75,89
1526,237,23,62,73,55
1527,140,12,109,98,91
1528,90,10,80,50,46
1529,50,3,167,61,169
1530,157,8,110,71,104
1531,290,12,44,55,49
1532,49,1,175,59,166
1533,163,24,104,70,89
1534,176,8,108,67,91
1535,69,7,133,79,162
1536,199,17,83,73,78
1537,272,18,56,64,40
1538,95,14,116,86,139
1539,178,23,97,79,73
1540,148,10,112,97,83
1541,152,9,101,93,95
1542,196,15,89,74,76
1543,162,13,119,68,88
1544,260,16,52,72,50
1545,48,3,179,54,166
1546,102,11,156,75,106
1547,144,19,118,88,81
1548,90,6,154,89,111
1549,90,5,161,79,115
1550,216,31,80,71,52
1551,186,8,122,67,67
1552,216,16,82,76,60
1553,284,16,65,49,36
1554,299,11,57,46,37
1555,250,18,81,55,46
1556,164,11,132,61,82
1557,127,7,163,65,88
1558,172,6,123,75,74
1559,66,2,236,71,75
1560,205,9,117,63,56
1561,267,24,57,71,31
1562,278,16,51,61,44
1563,189,10,106,82,63
1564,248,4,77,59,62
1565,59,1,187,83,120
1566,190,8,100,81,71
1567,193,21,81,92,63
1568,108,7,132,78,125
1569,138,19,101,100,92
1570,214,10,88,63,75
1571,196,10,92,78,74
1572,241,22,66,76,45
1573,224,12,80,69,65
1574,33,1,151,55,210
1575,309,9,40,43,49
1576,127,4,112,81,126
1577,123,8,126,83,110
1578,166,18,117,87,62
1579,144,8,116,70,112
1580,266,10,62,73,39
1581,291,13,45,61,40
1582,143,19,103,84,101
1583,104,9,131,73,133
1584,237,14,73,72,54
1585,302,11,48,50,39
1586,205,17,77,91,60
1587,235,8,83,53,71
1588,187,7,96,71,89
1589,297,9,58,49,37
1590,245,6,82,65,52
1591,288,6,61,59,36
1592,324,7,51,47,21
1593,41,5,197,54,153
1594,249,8,64,72,57
1595,245,14,88,71,32
1596,170,9,123,76,72
1597,335,5,41,51,18
1598,168,14,117,88,63
1599,39,0,189,51,171
1600,171,15,119,82,63
1601,191,8,108,82,61
1602,288,6,54,78,24
1603,326,6,35,61,22
1604,344,4,37,46,19
1605,361,3,24,49,13
1606,132,4,136,92,86
1607,145,5,131,95,74
1608,262,6,74,63,45
1609,260,12,71,69,38
1610,164,8,124,78,76
1611,114,6,157,102,71
1612,135,3,146,105,61
1613,59,3,217,93,78
1614,316,11,39,59,25
1615,243,9,72,83,43
1616,167,9,105,102,67
1617,8,0,235,34,173
1618,259,7,60,89,35
1619,241,5,63,102,39
1620,355,1,33,45,16
1621,131,1,135,98,85
1622,257,13,58,74,48
1623,254,3,65,85,43
1624,267,6,64,81,32
1625,181,9,90,108,62
1626,282,4,44,89,31
1627,234,13,59,108,36
1628,222,3,68,122,35
1629,281,0,65,86,18
1630,191,7,46,49,16
1631,248,12,67,95,28
1632,298,10,49,68,25
1633,158,5,127,101,59
1634,339,3,40,45,23
1635,107,3,144,120,76
1636,340,5,37,52,16
1637,162,7,110,113,58
1638,269,9,79,68,25
1639,280,5,68,85,12
1640,157,6,135,104,48
1641,169,8,154,76,43
1642,146,9,132,114,49
1643,202,5,99,105,39
1644,320,4,46,65,15
1645,159,1,161,80,49
1646,229,1,102,91,27
1647,13,1,283,25,128
1648,64,2,191,82,111
1649,4,0,229,20,197
1650,91,2,169,64,124
1651,152,10,129,109,50
1652,185,5,53,52,15
1653,223,12,83,102,30
1654,52,9,184,119,86
1655,83,2,189,115,61
1656,121,14,153,88,74
1657,89,6,54,48,25
1658,50,1,210,78,111
1659,21,1,269,49,110
1660,206,12,113,78,41
1661,137,18,136,101,58
1662,55,4,207,98,86
1663,186,12,136,77,39
1664,229,30,77,80,34
1665,110,11,163,107,59
1666,74,4,192,91,89
1667,54,4,210,94,88
1668,135,21,137,105,52
1669,180,16,114,100,40
1670,58,6,239,79,68
1671,13,1,117,21,49
1672,24,2,246,94,84
1673,63,16,199,84,88
1674,97,5,181,83,73
1675,12,2,285,49,102
1676,8,1,260,28,153
1677,164,18,113,102,53
1678,117,12,173,73,75
1679,126,6,73,54,28
1680,147,6,182,63,52
1681,278,21,60,71,20
1682,355,7,37,37,14
1683,209,4,111,90,36
1684,145,6,157,67,75
1685,273,17,53,46,24
1686,246,2,114,59,29
1687,259,10,73,75,33
1688,172,13,122,88,55
1689,28,0,283,37,102
1690,245,23,81,59,42
1691,277,9,62,66,36
1692,128,15,166,70,71
1693,166,14,129,69,72
1694,307,25,45,55,18
1695,198,11,110,86,45
1696,259,15,73,66,37
1697,315,4,64,55,12
1698,157,9,136,108,40
1699,207,17,99,80,47
1700,172,5,141,88,44
1701,229,4,110,60,47
1702,196,8,119,99,28
1703,28,0,308,33,81
1704,270,10,65,87,18
1705,198,20,128,68,36
1706,201,12,113,87,37
1707,257,12,80,68,33
1708,8,0,332,25,85
1709,118,11,184,86,51
1710,137,11,150,98,54
1711,261,16,77,73,23
1712,242,30,80,62,36
1713,186,8,162,53,41
1714,266,12,90,58,24
1715,226,17,97,80,30
1716,150,16,160,68,56
1717,81,5,246,61,57
1718,265,12,66,71,36
1719,277,15,77,66,15
1720,41,1,277,38,93
1721,8,0,253,30,159
1722,22,6,264,31,127
1723,227,25,88,71,39
1724,240,25,88,68,29
1725,206,32,89,79,44
1726,229,15,80,75,51
1727,218,15,89,65,63
1728,223,25,92,60,50
1729,227,23,83,72,45
1730,284,22,55,57,32
1731,270,12,67,64,37
1732,195,17,111,77,50
1733,177,22,108,39,104
1734,274,11,51,69,45
1735,249,31,54,75,41
1736,210,20,87,74,59
1737,298,17,48,62,25
1738,255,13,75,60,47
1739,28,0,234,29,159
1740,242,7,84,62,55
1741,290,17,59,57,27
1742,50,2,216,69,113
1743,308,21,47,53,21
1744,134,5,154,73,84
1745,84,4,193,28,141
1746,319,18,38,55,20
1747,311,21,43,59,16
1748,280,16,59,57,38
1749,308,16,44,55,27
1750,277,24,60,68,21
1751,197,5,119,55,74
1752,113,2,158,58,119
1753,169,16,128,51,86
1754,142,12,135,50,111
1755,183,13,110,76,68
1756,280,21,54,65,30
1757,206,22,97,74,51
1758,226,14,97,62,51
1759,174,10,122,59,85
1760,189,23,91,73,74
1761,178,30,85,84,73
1762,208,29,91,66,56
1763,173,33,112,62,70
1764,152,16,131,68,83
1765,184,11,99,70,86
1766,232,33,77,79,29
1767,165,19,119,77,70
1768,241,19,83,74,33
1769,59,9,177,38,167
1770,170,15,118,68,79
1771,192,32,95,66,65
1772,177,16,123,48,86
1773,144,11,125,83,87
1774,16,6,226,29,173
1775,158,39,104,72,77
1776,48,8,220,26,148
1777,211,36,80,75,48
1778,155,29,120,74,72
1779,141,24,105,84,96
1780,216,37,72,65,60
1781,191,33,105,63,58
1782,159,26,142,37,86
1783,139,19,130,76,86
1784,198,45,76,75,56
1785,95,24,171,64,96
1786,201,9,109,54,77
1787,242,37,70,62,39
1788,32,0,255,38,125
1789,80,4,67,36,29
1790,283,20,53,66,28
1791,275,10,77,45,43
1792,75,3,204,38,130
1793,74,6,198,46,126
1794,238,20,70,80,42
1795,255,24,72,67,32
1796,186,15,124,63,62
1797,239,6,115,45,45
1798,244,19,98,56,33
1799,217,18,110,58,47
1800,262,16,80,57,35
1801,276,17,70,51,36
1802,193,21,105,75,56
1803,238,12,104,61,35
1804,62,2,245,44,97
1805,228,16,106,56,44
1806,249,20,84,55,42
1807,94,10,63,24,49
1808,266,16,80,41,47
1809,126,12,164,68,80
1810,224,23,103,77,23
1811,119,15,173,60,83
1812,152,27,140,73,58
1813,144,16,176,40,74
1814,282,27,72,45,24
1815,53,4,231,42,120
1816,189,36,95,74,56
1817,231,25,84,69,41
1818,202,29,97,69,53
1819,222,13,116,49,50
1820,153,15,137,80,65
1821,53,1,237,36,123
1822,155,16,146,59,74
1823,151,10,159,72,58
1824,178,21,110,92,49
1825,23,3,274,24,126
1826,189,29,102,82,48
1827,258,24,72,63,33
1828,204,24,115,73,34
1829,20,0,358,15,57
1830,141,20,157,72,60
1831,97,16,203,57,77
1832,88,13,210,60,79
1833,47,8,272,45,78
1834,145,19,151,74,61
1835,185,28,85,109,43
1836,172,16,128,68,66
1837,30,4,274,34,108
1838,95,7,202,70,76
1839,107,20,161,87,75
1840,79,9,217,71,74
1841,205,19,94,89,43
1842,217,21,104,64,44
1843,85,6,225,57,77
1844,44,4,85,32,29
1845,238,19,95,66,32
1846,140,5,199,57,49
1847,200,10,128,65,47
1848,224,8,105,75,38
1849,71,7,255,39,78
1850,149,7,188,55,51
1851,70,9,252,51,68
1852,240,17,97,54,42
1853,125,9,196,53,62
1854,120,7,184,67,72
1855,224,19,101,65,41
1856,13,1,354,13,69
1857,132,13,159,84,62
1858,110,2,72,49,27
1859,26,2,251,41,130
1860,206,23,105,56,60
1861,145,12,159,59,75
1862,125,8,189,60,68
1863,29,1,272,36,112
1864,42,1,264,37,106
1865,9,1,302,11,127
1866,244,11,90,71,34
1867,212,12,110,73,43
1868,90,10,79,44,26
1869,135,7,140,59,24
1870,192,11,139,75,33
1871,241,4,104,70,31
1872,211,5,149,56,29
1873,277,6,81,58,28
1874,232,10,118,58,32
1875,266,21,70,68,25
1876,233,21,89,77,30
1877,90,10,92,52,33
1878,229,13,68,60,20
1879,126,3,204,68,49
1880,231,15,110,54,40
1881,221,21,94,80,34
1882,221,11,102,87,29
1883,41,5,297,37,70
1884,212,6,146,47,39
1885,156,12,93,28,24
1886,136,8,189,59,58
1887,177,6,157,69,41
1888,129,8,203,57,53
1889,182,20,128,71,49
1890,160,5,153,52,44
1891,196,16,127,82,29
1892,8,0,334,27,81
1893,121,3,219,53,54
1894,94,3,234,56,63
1895,48,2,263,41,96
1896,176,11,174,55,34
1897,15,3,317,35,80
1898,125,8,192,51,74
1899,151,22,148,78,51
1900,110,4,261,30,45
1901,238,11,107,71,23
1902,211,11,125,76,27
1903,70,1,291,25,63
1904,148,9,191,58,44
1905,122,8,193,77,50
1906,188,13,140,76,33
1907,8,0,336,12,94
1908,117,17,159,84,73
1909,29,1,312,29,79
1910,53,5,257,53,82
1911,29,1,313,23,84
1912,62,11,73,38,22
1913,134,23,144,101,48
1914,44,3,277,40,86
1915,128,19,154,89,60
1916,114,14,170,101,51
1917,62,6,245,66,71
1918,96,14,198,88,54
1919,8,0,357,10,75
1920,92,20,152,90,52
1921,24,0,99,19,32
1922,94,0,232,70,54
1923,63,3,249,51,84
1924,35,3,293,23,96
1925,124,9,198,73,46
1926,96,17,162,95,30
1927,41,0,286,44,79
1928,122,11,176,92,49
1929,95,7,207,51,90
1930,94,19,130,76,45
1931,96,12,131,96,58
1932,77,2,252,58,61
1933,90,3,228,56,73
1934,52,1,185,39,62
1935,77,2,234,57,80
1936,76,5,106,34,52
1937,122,10,173,71,74
1938,52,0,258,45,95
1939,100,0,214,51,85
1940,97,6,196,62,89
1941,126,2,200,49,73
1942,143,12,175,46,74
1943,146,6,154,76,68
1944,81,2,193,59,68
1945,137,1,193,55,64
1946,71,3,65,27,21
1947,136,0,223,35,56
1948,109,12,176,75,78
1949,106,4,210,43,87
1950,142,3,148,79,78
1951,186,7,116,90,51
1952,105,1,169,68,107
1953,200,8,124,60,58
1954,174,12,116,79,69
1955,204,4,100,83,59
1956,233,7,89,66,55
1957,194,11,93,91,61
1958,187,11,107,86,59
1959,169,12,134,93,42
1960,150,8,132,105,55
1961,108,12,114,89,43
1962,147,4,152,100,47
1963,64,5,253,52,76
1964,137,5,183,77,48
1965,122,14,156,99,59
1966,103,11,180,85,71
1967,100,5,212,95,38
1968,4,0,334,25,87
1969,87,12,155,129,67
1970,61,1,249,47,92
1971,88,12,175,113,62
1972,81,9,204,82,74
1973,158,9,134,104,45
1974,131,4,143,122,50
1975,38,6,135,96,43
1976,27,4,293,33,93
1977,81,7,189,111,62
1978,49,8,223,86,84
1979,84,4,208,76,78
1980,36,0,249,55,110
1981,129,13,139,118,51
1982,93,9,106,82,30
1983,100,19,136,135,60
1984,32,0,259,50,109
1985,12,0,258,25,155
1986,141,24,119,116,50
1987,121,20,140,111,58
1988,171,4,117,100,58
1989,126,30,82,96,34
1990,60,0,189,54,147
1991,49,5,194,50,152
1992,157,10,99,120,64
1993,112,4,86,80,48
1994,193,3,78,137,39
1995,198,9,97,95,51
1996,168,11,113,101,57
1997,136,10,121,112,71
1998,187,8,91,114,50
1999,137,3,126,109,75
2000,173,9,113,90,65
2001,181,16,98,92,63
2002,139,38,115,104,54
2003,193,10,85,120,42
2004,191,17,82,118,42
2005,147,15,73,117,52
2006,107,3,121,134,85
2007,23,0,40,35,16
2008,125,11,123,133,58
2009,138,5,137,123,47
2010,122,9,138,110,71
2011,120,3,138,117,72
2012,98,21,141,115,75
2013,102,14,125,142,67
2014,107,5,143,138,57
2015,59,3,199,112,77
2016,93,6,166,134,51
2017,32,0,36,43,27
2018,128,12,97,151,62
2019,82,0,152,137,79
2020,80,3,155,124,88
2021,63,13,147,144,83
2022,100,1,111,130,108
2023,82,3,71,107,49
2024,69,3,121,134,123
2025,44,0,122,99,185
2026,104,16,76,118,47
2027,141,20,86,150,53
2028,93,3,120,138,96
2029,95,12,110,128,105
2030,70,30,115,119,63
2031,103,23,118,132,74
2032,23,4,60,44,13
2033,56,4,75,90,23
2034,84,8,110,125,40
2035,36,0,69,75,41
2036,69,1,160,152,68
2037,61,0,158,164,67
2038,49,0,178,163,60
2039,79,3,156,135,77
2040,47,3,82,85,42
2041,116,6,122,148,58
2042,16,0,237,95,102
2043,107,9,122,149,63
2044,28,0,75,90,37
2045,68,12,190,124,56
2046,34,3,151,113,50
2047,19,1,254,115,61
2048,78,4,177,143,48
2049,35,1,228,102,84
2050,35,2,192,138,83
2051,56,12,192,106,84
2052,34,6,68,59,17
2053,38,2,159,89,68
2054,59,2,194,115,80
2055,81,8,173,128,60
2056,140,11,115,141,43
2057,74,2,191,107,76
2058,52,4,137,117,51
2059,57,4,204,120,65
2060,52,4,186,142,61
2061,28,1,81,75,34
2062,21,1,47,38,5
2063,20,0,94,52,31
2064,20,0,243,109,78
2065,19,1,262,104,64
2066,47,3,145,89,47
2067,57,4,204,132,53
2068,38,3,213,148,48
2069,17,1,84,29,35
2070,77,2,192,75,57
2071,42,1,245,94,68
2072,123,2,180,101,44
2073,28,1,235,98,88
2074,114,2,128,85,28
2075,57,3,249,52,89
2076,69,1,128,63,34
2077,108,4,165,83,90
2078,85,0,211,76,78
2079,56,1,33,30,18
2080,103,4,84,90,27
2081,184,3,133,87,43
2082,184,3,124,97,42
2083,81,5,190,106,68
2084,132,3,135,119,61
2085,117,6,188,88,51
2086,153,2,144,86,65
2087,73,6,191,95,85
2088,99,20,156,122,53
2089,80,8,116,70,40
2090,97,9,182,110,48
2091,50,2,112,61,29
2092,63,3,108,77,33
2093,49,4,230,114,53
2094,31,0,94,58,29
2095,44,0,152,74,33
2096,16,0,286,53,85
2097,35,0,264,74,77
2098,66,0,207,114,63
2099,69,1,54,49,16
2100,86,6,203,115,40
2101,32,0,75,39,15
2102,80,2,242,72,54
2103,82,2,220,102,44
2104,58,2,176,73,44
2105,124,7,180,96,43
2106,61,2,242,108,37
2107,47,4,268,83,48
2108,61,0,249,94,46
2109,66,2,229,106,47
2110,105,6,187,117,35
2111,56,0,149,75,37
2112,139,0,167,108,36
2113,123,7,175,95,50
2114,40,1,281,41,87
2115,85,3,186,94,82
2116,109,5,142,92,42
2117,86,2,210,59,81
2118,31,3,143,41,32
2119,126,3,189,80,52
2120,38,0,278,72,62
2121,55,2,232,85,76
2122,28,0,297,39,86
2123,97,5,184,92,51
2124,138,6,165,106,35
2125,118,14,140,119,59
2126,73,2,176,83,47
2127,54,1,255,86,54
2128,170,3,85,111,25
2129,174,11,118,113,34
2130,135,9,141,128,37
2131,209,3,93,122,23
2132,181,2,125,104,38
2133,79,4,99,125,27
2134,55,3,186,85,53
2135,45,2,170,128,34
2136,77,2,204,125,42
2137,48,0,231,113,58
2138,83,1,176,137,53
2139,134,4,135,137,40
2140,25,1,263,87,74
2141,122,5,110,180,33
2142,99,3,149,143,56
2143,150,12,102,148,38
2144,150,10,103,141,46
2145,68,4,201,107,70
2146,95,6,170,133,46
2147,90,11,82,108,22
2148,63,6,166,173,42
2149,114,5,140,168,23
2150,36,4,26,29,4
2151,112,11,130,167,30
2152,62,6,197,150,35
2153,4,0,301,80,65
2154,62,2,140,150,32
2155,80,3,174,135,58
2156,67,3,178,169,33
2157,98,19,159,132,42
2158,33,1,58,60,14
2159,21,1,257,78,93
2160,149,10,110,143,38
2161,124,6,125,161,34
2162,97,7,158,149,39
2163,13,1,265,84,87
2164,72,12,170,135,61
2165,77,9,175,146,43
2166,103,4,160,150,33
2167,40,0,225,99,73
2168,42,2,164,101,29
2169,28,0,241,115,66
2170,94,2,200,113,41
2171,21,1,184,54,23
2172,11,0,302,87,50
2173,72,4,140,92,37
2174,42,2,242,125,39
2175,134,4,155,130,27
2176,73,5,199,103,70
2177,135,2,141,135,37
2178,20,0,305,69,56
2179,16,0,320,54,60
2180,100,7,165,133,45
2181,40,4,282,44,80
2182,138,14,130,126,42
2183,64,5,212,102,67
2184,91,5,195,107,52
2185,121,11,151,128,39
2186,102,7,157,135,49
2187,38,2,276,67,67
2188,81,14,186,118,51
2189,115,20,132,152,31
2190,109,3,160,124,54
2191,144,7,135,131,33
2192,118,2,141,141,48
2193,61,2,175,130,82
2194,164,3,115,132,36
2195,66,7,64,94,20
2196,70,1,166,159,54
2197,116,8,126,165,23
2198,164,2,105,158,21
2199,173,3,103,145,26
2200,54,2,218,125,51
2201,126,6,142,148,28
2202,85,5,58,100,20
2203,103,13,151,136,47
2204,205,3,65,153,24
2205,87,4,144,179,36
2206,133,7,134,164,12
2207,90,7,162,163,28
2208,62,6,157,114,35
2209,35,0,179,171,65
2210,27,3,100,85,18
2211,20,4,71,41,11
2212,59,6,195,142,48
2213,56,3,214,122,55
2214,46,4,218,131,51
2215,39,2,244,114,51
2216,26,2,51,56,14
2217,97,11,156,145,41
2218,123,8,132,151,36
2219,18,2,53,48,12
2220,100,10,151,146,43
2221,111,8,136,157,38
2222,86,11,162,151,40
2223,71,13,180,122,64
2224,49,1,225,113,62
2225,63,4,217,124,42
2226,73,9,163,178,27
2227,80,14,149,180,27
2228,42,1,215,163,29
2229,52,4,141,147,23
2230,67,3,114,93,20
2231,52,4,175,158,14
2232,70,3,231,131,15
2233,12,0,284,123,31
2234,113,2,135,165,35
2235,14,2,71,49,12
2236,20,0,284,94,52
2237,93,5,172,158,22
2238,57,0,192,160,41
2239,49,4,198,168,31
2240,42,2,71,116,13
2241,90,7,160,173,20
2242,77,5,171,147,50
2243,107,3,139,166,35
2244,66,6,211,138,29
2245,24,0,294,92,40
2246,4,0,373,44,29
2247,26,2,60,49,13
2248,89,2,184,132,43
2249,122,11,119,164,34
2250,67,11,179,166,27
2251,45,5,130,88,18
2252,54,3,228,132,33
2253,80,6,172,154,38
2254,21,1,71,51,18
2255,64,1,243,94,48
2256,80,0,186,154,30
2257,145,0,171,113,21
2258,100,6,172,140,32
2259,32,0,208,74,35
2260,55,1,254,96,44
2261,65,2,224,120,39
2262,29,1,113,63,14
2263,76,1,212,124,37
2264,57,2,269,84,38
2265,34,2,101,66,11
2266,72,0,225,93,60
2267,120,4,172,121,33
2268,96,4,167,103,38
2269,71,4,152,105,30
2270,62,2,243,100,43
2271,117,2,163,133,35
2272,43,0,164,87,34
2273,24,0,112,38,18
2274,32,0,294,65,59
2275,89,1,210,108,42
2276,35,3,267,110,35
2277,80,3,196,142,29
2278,20,0,35,43,13
2279,129,0,146,125,50
2280,135,4,150,145,16
2281,79,0,224,122,25
2282,187,4,113,131,15
2283,163,0,91,168,28
2284,170,3,114,125,38
2285,67,4,170,112,35
2286,118,5,149,127,51
2287,171,7,117,132,23
2288,101,14,148,164,23
2289,58,2,202,97,32
2290,64,1,222,130,33
2291,136,5,133,132,44
2292,120,1,160,129,40
2293,153,2,131,146,18
2294,70,2,204,116,58
2295,180,2,123,111,34
2296,151,9,148,106,36
2297,138,7,136,142,27
2298,109,2,160,121,58
2299,103,3,181,91,72
2300,140,11,124,143,32
2301,124,0,142,122,62
2302,128,4,153,112,53
2303,119,2,122,146,61
2304,124,3,165,116,42
2305,136,16,129,136,33
2306,113,1,149,130,57
2307,20,8,33,39,12
2308,103,8,148,136,55
2309,112,9,148,125,56
2310,131,15,141,117,46
2311,93,5,123,107,42
2312,97,12,175,141,25
2313,73,6,62,80,13
2314,44,0,72,69,29
2315,111,5,152,156,26
2316,72,0,178,98,51
2317,23,0,257,76,94
2318,44,0,76,59,19
2319,120,4,165,142,19
2320,208,3,100,114,25
2321,259,1,54,117,19
2322,213,1,97,96,43
2323,185,6,96,116,47
2324,92,4,63,76,16
2325,279,3,53,97,18
2326,163,3,99,104,30
2327,272,0,62,96,20
2328,157,2,110,142,39
2329,128,4,90,73,24
2330,147,1,151,92,59
2331,230,3,88,99,30
2332,69,1,58,50,13
2333,79,3,96,70,29
2334,88,4,179,138,41
2335,138,3,148,103,58
2336,67,5,232,92,54
2337,76,4,99,85,34
2338,39,3,121,56,17
2339,59,1,226,125,39
2340,134,2,151,136,27
2341,65,2,194,102,28
2342,122,3,157,97,38
2343,68,0,111,78,19
2344,77,1,232,118,22
2345,100,1,181,135,33
2346,68,0,174,92,23
2347,49,0,242,121,38
2348,38,0,261,96,55
2349,108,1,197,87,57
2350,184,0,113,117,36
2351,108,2,171,117,52
2352,12,0,47,25,10
2353,161,1,123,107,58
2354,48,0,135,70,24
2355,29,1,172,65,18
2356,72,2,222,120,34
2357,33,0,243,91,83
2358,26,0,279,107,38
2359,60,0,224,126,40
2360,41,0,270,116,23
2361,51,1,265,113,20
2362,55,0,228,101,66
2363,112,2,198,104,34
2364,17,1,88,45,17
2365,67,3,223,117,38
2366,36,0,193,104,42
2367,118,1,173,120,38
2368,69,1,245,91,28
2369,20,0,99,42,10
2370,28,0,215,49,22
2371,29,0,314,84,23
2372,63,3,168,54,19
2373,44,0,132,46,9
2374,56,0,282,92,20
2375,24,0,96,29,9
2376,28,0,349,48,25
2377,76,0,155,60,13
2378,117,0,245,69,19
2379,117,0,233,81,19
2380,190,1,164,71,24
2381,271,0,89,78,12
2382,207,1,126,92,24
2383,177,8,113,134,18
2384,226,3,96,91,34
2385,166,7,156,99,22
2386,108,3,232,84,23
2387,128,1,229,79,13
2388,179,2,155,89,25
2389,225,3,99,89,34
2390,256,3,78,83,30
2391,267,0,92,57,34
2392,203,4,120,79,44
2393,128,4,199,92,27
2394,216,4,136,62,32
2395,213,9,124,80,24
2396,168,8,154,85,35
2397,28,0,291,32,99
2398,172,5,163,78,32
2399,80,3,245,57,65
2400,93,4,215,71,67
2401,166,7,136,102,39
2402,229,1,115,73,32
2403,214,0,138,72,26
2404,160,2,162,63,63
2405,214,4,131,62,39
2406,77,2,78,43,18
2407,224,4,101,74,47
2408,203,2,130,68,47
2409,137,2,184,68,59
2410,105,1,220,68,56
2411,208,1,127,67,47
2412,146,1,164,63,76
2413,193,15,112,89,41
2414,148,16,130,101,55
2415,90,5,198,56,101
2416,163,7,124,82,74
2417,126,3,138,61,122
2418,145,7,129,87,82
2419,160,17,131,98,44
2420,171,7,110,85,77
2421,154,6,135,74,81
2422,123,17,148,126,36
2423,133,12,161,75,69
2424,35,3,216,40,156
2425,124,15,139,112,60
2426,126,10,149,99,66
2427,82,3,196,53,116
2428,42,2,112,54,57
2429,94,8,179,104,65
2430,82,13,177,63,115
2431,93,1,173,70,113
2432,77,10,134,64,38
2433,49,5,58,41,21
2434,54,3,203,47,143
2435,89,8,171,75,107
2436,101,7,156,72,114
2437,40,0,80,29,34
2438,16,0,29,8,14
2439,173,1,154,46,76
2440,247,5,111,53,34
2441,153,2,165,69,61
2442,69,0,238,43,100
2443,32,0,29,12,8
2444,170,3,105,53,22
2445,235,3,112,64,36
2446,235,1,123,60,31
2447,28,0,327,20,75
2448,232,0,156,26,36
2449,175,0,220,36,19
2450,130,2,201,50,67
2451,28,0,114,8,36
2452,140,0,234,34,42
2453,116,4,144,49,26
2454,243,1,129,44,33
2455,184,0,180,58,28
2456,59,0,294,22,42
2457,140,7,191,74,38
2458,212,0,126,69,43
2459,59,1,271,27,92
2460,119,0,216,51,64
2461,100,6,196,74,74
2462,101,4,213,70,62
2463,92,8,237,68,40
2464,76,0,225,67,45
2465,147,5,148,104,46
2466,16,0,196,38,37
2467,109,1,203,70,67
2468,82,3,229,79,57
2469,94,6,148,77,36
2470,89,8,225,79,49
2471,74,2,244,71,59
2472,32,0,315,41,62
2473,24,0,302,46,78
2474,45,0,266,77,62
2475,46,2,162,43,28
2476,52,0,280,66,52
2477,72,1,253,86,38
2478,97,1,196,83,73
2479,83,3,163,72,66
2480,113,5,208,70,54
2481,197,2,119,99,33
2482,179,4,145,89,33
2483,177,3,141,99,30
2484,105,2,143,81,19
2485,100,1,144,64,29
2486,116,1,194,77,62
2487,61,8,237,73,71
2488,112,5,194,90,49
2489,91,1,213,106,39
2490,8,0,46,18,14
2491,135,2,176,85,52
2492,90,0,214,102,44
2493,24,0,228,47,151
2494,79,4,160,100,26
2495,158,4,155,107,26
2496,145,4,194,78,29
2497,153,12,145,100,40
2498,72,1,215,91,71
2499,89,1,56,49,14
2500,110,11,186,99,44
2501,155,2,157,83,53
2502,59,3,149,72,28
2503,89,5,185,104,67
2504,52,0,126,78,23
2505,53,5,201,86,30
2506,76,0,215,98,61
2507,51,1,242,93,63
2508,49,2,217,118,64
2509,42,2,155,63,29
2510,83,0,189,139,39
2511,70,2,244,89,45
2512,57,1,162,67,29
2513,163,1,123,134,29
2514,49,1,119,78,27
2515,45,1,243,124,37
2516,88,1,172,160,29
2517,41,3,238,125,43
2518,42,2,198,95,40
2519,105,3,179,126,37
2520,27,1,232,114,76
2521,40,0,165,101,75
2522,37,0,275,61,77
2523,24,0,254,90,82
2524,54,1,218,113,64
2525,33,1,131,48,35
2526,50,0,227,81,92
2527,8,0,53,15,11
2528,65,0,226,98,61
2529,21,1,135,43,36
2530,69,2,249,79,51
2531,61,1,261,82,45
2532,60,1,273,86,30
2533,41,1,301,44,63
2534,55,3,96,49,42
2535,65,0,235,105,45
2536,49,1,89,43,32
2537,64,0,74,61,30
2538,43,0,141,55,57
2539,43,1,243,93,70
2540,85,1,187,87,44
2541,81,1,152,72,56
2542,12,0,63,17,20
2543,53,0,263,65,69
2544,95,3,224,79,49
2545,114,0,202,63,71
2546,70,2,234,76,62
2547,40,0,199,52,45
2548,13,1,133,28,42
2549,32,0,306,55,57
2550,107,0,211,76,56
2551,73,0,264,52,61
2552,48,0,270,64,68
2553,65,1,211,69,41
2554,124,1,194,98,33
2555,138,1,139,88,84
2556,69,0,206,75,100
2557,104,3,179,104,60
2558,113,2,182,92,61
2559,67,0,227,106,50
2560,116,3,184,86,61
2561,127,6,168,82,67
2562,40,0,110,44,34
2563,25,1,79,26,15
2564,89,2,193,102,64
2565,48,4,120,44,36
2566,45,1,136,52,20
2567,52,0,168,39,24
2568,32,2,294,78,44
2569,44,0,176,64,43
2570,41,2,275,63,69
2571,48,0,253,61,87
2572,33,1,305,47,64
2573,75,2,251,86,36
2574,87,0,237,88,38
2575,93,2,230,90,35
2576,44,0,300,61,45
2577,89,0,258,80,23
2578,128,0,183,84,29
2579,20,0,306,32,92
2580,72,0,103,35,17
2581,115,1,218,89,27
2582,153,1,197,77,22
2583,156,3,179,77,35
2584,56,0,136,36,13
2585,65,1,200,50,24
2586,204,0,167,55,24
2587,27,0,358,41,24
2588,80,0,216,57,25
2589,53,1,137,20,19
2590,92,1,244,45,27
2591,117,1,245,33,18
2592,134,2,183,51,33
2593,127,0,195,33,25
2594,42,2,182,28,20
2595,144,0,209,51,46
2596,198,0,183,43,26
2597,284,0,103,45,18
2598,179,5,189,47,30
2599,218,0,149,48,35
2600,257,4,125,32,32
2601,259,0,127,33,31
2602,201,1,155,56,37
2603,306,1,85,46,12
2604,268,8,87,62,25
2605,255,2,115,62,16
2606,233,5,117,69,26
2607,171,4,83,50,21
2608,219,3,134,63,31
2609,186,2,189,49,24
2610,194,6,130,82,38
2611,172,2,167,81,28
2612,165,4,169,81,31
2613,160,1,184,58,47
2614,89,5,123,45,24
2615,165,1,199,50,35
2616,218,9,121,53,49
2617,244,1,122,43,40
2618,243,7,104,64,20
2619,183,5,146,79,37
2620,24,1,41,21,11
2621,166,4,151,112,17
2622,168,4,160,75,43
2623,230,2,134,60,24
2624,258,6,101,64,21
2625,84,1,150,48,13
2626,187,4,169,61,29
2627,162,2,200,43,43
2628,94,3,242,59,52
2629,81,1,189,70,22
2630,122,6,231,52,39
2631,117,1,215,72,45
2632,83,0,235,71,61
2633,83,3,104,53,14
2634,73,2,276,71,28
2635,52,0,181,46,17
2636,130,2,167,95,27
2637,71,2,271,78,28
2638,79,0,237,93,41
2639,65,1,280,72,32
2640,87,0,285,58,20
2641,24,0,73,31,7
2642,88,0,235,100,27
2643,76,0,116,66,20
2644,79,0,252,99,20
2645,40,0,189,86,31
2646,127,2,212,91,18
2647,44,0,74,47,8
2648,16,0,329,49,56
2649,53,1,239,65,92
2650,119,1,214,94,22
2651,108,5,206,106,25
2652,68,1,231,120,30
2653,99,0,226,95,30
2654,70,0,239,92,49
2655,12,0,48,18,13
2656,78,2,205,105,22
2657,127,0,175,113,35
2658,77,1,198,72,38
2659,113,1,176,82,30
2660,135,3,192,77,43
2661,91,3,225,109,22
2662,20,0,353,41,36
2663,93,0,232,94,31
2664,40,0,194,65,18
2665,20,0,83,24,12
2666,16,0,359,31,44
2667,73,1,113,45,5
2668,124,0,207,104,15
2669,20,0,94,25,6
2670,8,0,154,24,7
2671,70,0,304,54,22
2672,53,1,175,48,6
2673,134,0,210,90,16
2674,36,0,212,57,24
2675,157,1,189,79,24
2676,16,0,180,40,19
2677,114,2,157,87,12
2678,32,0,305,68,17
2679,112,2,216,86,34
2680,115,0,199,99,37
2681,44,0,121,52,8
2682,79,0,247,102,22
2683,72,0,81,57,7
2684,52,0,204,94,44
2685,60,0,248,115,27
2686,45,0,304,66,35
2687,20,0,68,27,8
2688,58,2,107,39,14
2689,24,0,99,27,13
2690,42,0,289,84,35
2691,51,0,259,100,40
2692,156,0,164,100,30
2693,114,1,222,83,30
2694,72,0,222,88,64
2695,127,4,190,94,35
2696,16,0,92,20,9
2697,91,0,244,86,29
2698,16,0,40,21,5
2699,76,0,259,75,27
2700,27,0,337,49,37
2701,173,0,149,87,41
2702,127,1,188,101,33
2703,32,0,286,53,48
2704,144,0,215,53,38
2705,60,0,126,51,25
2706,4,0,25,3,5
2707,24,0,225,49,27
2708,56,0,165,72,17
2709,12,0,163,25,12
2710,35,0,322,61,32
2711,51,0,282,81,36
2712,92,0,252,56,50
2713,103,1,230,74,42
2714,85,5,175,69,35
2715,76,4,167,86,23
2716,76,0,204,99,71
2717,57,1,211,100,27
2718,70,0,237,98,45
2719,18,2,79,29,22
2720,30,1,299,78,42
2721,44,2,255,105,44
2722,54,0,272,63,61
2723,50,1,230,105,64
2724,85,2,240,62,61
2725,42,3,284,72,49
2726,184,3,144,89,30
2727,113,2,155,136,44
2728,109,2,173,81,85
2729,190,2,110,86,62
2730,58,4,196,53,139
2731,146,6,140,99,59
2732,210,6,115,68,51
2733,119,7,155,99,70
2734,101,7,189,99,54
2735,200,5,124,74,47
2736,314,2,43,65,26
2737,194,16,117,98,25
2738,245,5,72,101,27
2739,178,15,112,124,21
2740,119,4,75,66,16
2741,164,7,144,93,42
2742,127,7,177,111,28
2743,81,1,206,96,24
2744,29,1,99,47,21
2745,64,1,244,101,40
2746,63,3,94,67,21
2747,153,1,140,102,54
2748,31,3,90,32,10
2749,72,0,210,93,41
2750,44,0,200,85,41
2751,24,0,85,30,16
2752,66,0,276,92,16
2753,64,0,208,107,71
2754,113,0,193,93,51
2755,57,0,268,72,53
2756,220,8,102,93,27
2757,175,3,125,104,43
2758,116,0,128,77,25
2759,72,0,118,61,19
2760,149,1,129,107,19
2761,107,1,200,92,50
2762,77,1,196,85,24
2763,102,0,219,95,34
2764,62,1,249,92,46
2765,174,0,151,98,27
2766,146,2,142,133,27
2767,120,4,139,109,27
2768,25,1,56,29,13
2769,186,1,115,110,38
2770,117,1,175,119,38
2771,146,2,129,130,43
2772,97,5,218,79,51
2773,85,4,217,114,30
2774,129,2,159,120,40
2775,171,4,129,103,43
2776,153,6,126,129,29
2777,102,2,137,134,35
2778,40,1,247,78,84
2779,81,2,105,63,23
2780,102,0,170,130,48
2781,96,1,201,101,51
2782,78,2,104,60,26
2783,56,1,225,103,65
2784,127,3,180,110,30
2785,99,2,194,117,38
2786,84,5,235,85,41
2787,28,0,251,61,110
2788,56,0,73,35,12
2789,105,1,188,85,20
2790,100,0,153,80,20
2791,76,0,215,66,21
2792,32,1,299,79,39
2793,128,0,157,87,21
2794,45,1,156,41,25
2795,71,0,248,64,22
2796,135,0,185,106,24
2797,61,1,301,47,40
2798,121,1,191,75,62
2799,129,2,209,60,22
2800,28,0,86,17,10
2801,84,0,244,72,50
2802,85,0,254,49,62
2803,103,1,247,75,24
2804,21,1,85,20,8
2805,108,1,219,86,36
2806,52,0,238,65,30
2807,20,0,101,23,27
2808,81,2,269,59,39
2809,28,0,159,37,14
2810,20,0,97,16,12
2811,25,1,354,27,43
2812,121,1,225,73,30
2813,152,1,200,80,17
2814,181,0,170,72,27
2815,60,0,160,57,34
2816,44,0,113,53,27
2817,92,1,183,98,25
2818,75,0,281,60,34
2819,167,0,154,69,60
2820,64,0,88,31,20
2821,170,0,154,77,49
2822,136,0,111,51,15
2823,96,0,215,78,37
2824,83,0,235,96,36
2825,56,0,169,67,28
2826,96,0,217,59,78
2827,166,2,150,94,38
2828,146,5,163,112,24
2829,76,1,246,102,25
2830,32,0,192,43,22
2831,94,3,214,104,35
2832,48,0,146,34,18
2833,16,0,195,29,34
2834,45,0,308,49,48
2835,116,1,232,64,37
2836,85,0,240,76,49
2837,52,0,165,44,24
2838,76,0,271,79,24
2839,95,3,210,93,49
2840,202,3,115,94,36
2841,195,8,112,95,40
2842,65,2,236,86,61
2843,104,1,210,79,56
2844,80,0,140,72,77
2845,119,3,138,118,64
2846,107,4,205,85,49
2847,96,0,177,73,81
2848,19,0,294,60,77
2849,55,0,235,80,80
2850,28,0,98,41,35
2851,56,0,134,47,67
2852,12,0,53,14,28
2853,27,0,185,56,182
2854,28,0,177,29,49
2855,43,1,231,69,106
2856,128,1,160,82,79
2857,48,0,169,65,81
2858,12,0,46,20,27
2859,90,0,124,85,151
2860,60,0,227,64,93
2861,56,0,195,53,110
2862,37,0,194,45,174
2863,81,1,175,52,59
2864,35,0,231,46,138
2865,68,0,109,56,96
2866,133,2,162,73,80
2867,8,0,103,12,27
2868,38,0,248,64,100
2869,48,0,226,37,94
2870,104,1,204,65,76
2871,89,1,171,76,113
2872,52,0,229,44,34
2873,34,0,257,76,83
2874,36,0,273,41,54
2875,58,1,240,92,59
2876,40,0,160,44,43
2877,166,0,135,87,62
2878,60,0,148,61,29
2879,67,0,238,40,105
2880,104,0,236,72,36
2881,93,0,235,68,54
2882,24,0,250,50,126
2883,123,3,170,94,60
2884,169,0,125,112,44
2885,119,2,148,91,90
2886,177,4,119,115,35
2887,195,3,104,102,38
2888,28,0,94,40,28
2889,232,4,95,84,35
2890,30,2,116,49,39
2891,132,1,149,97,71
2892,48,0,60,47,29
2893,24,0,65,18,31
2894,24,0,119,31,26
2895,28,0,184,46,38
2896,20,0,178,47,55
2897,23,0,293,75,59
2898,76,0,122,57,14
2899,139,0,188,96,27
2900,74,0,253,92,31
2901,106,1,204,102,37
2902,84,0,171,97,30
2903,80,0,182,115,42
2904,56,0,190,97,35
2905,122,1,156,140,31
2906,44,0,180,74,26
2907,8,0,41,15,10
2908,28,0,66,34,10
2909,28,0,130,49,26
2910,84,1,219,102,44
2911,130,1,153,129,37
2912,72,0,227,86,36
2913,101,0,214,117,18
2914,81,1,148,69,151
2915,133,1,189,102,25
2916,182,3,149,91,25
2917,158,5,161,100,26
2918,132,0,140,104,23
2919,5,0,205,42,198
2920,138,2,178,99,33
2921,104,1,186,95,64
2922,124,1,179,94,52
2923,82,0,178,88,102
2924,64,0,168,78,44
2925,37,1,102,37,36
2926,8,0,29,11,13
2927,86,0,191,102,71
2928,24,0,81,38,45
2929,35,0,268,53,94
2930,32,0,281,55,73
2931,54,0,258,106,32
2932,77,1,139,66,167
2933,27,0,178,46,95
2934,41,1,155,78,75
2935,16,0,117,35,65
2936,102,2,91,74,63
2937,46,0,208,65,131
2938,41,1,72,53,62
2939,8,0,70,14,30
2940,12,0,63,26,78
2941,61,0,156,88,145
2942,27,0,234,50,139
2943,57,0,176,64,153
2944,35,0,224,71,120
2945,49,1,210,68,116
2946,16,0,169,38,42
2947,86,1,205,84,74
2948,20,0,51,33,21
2949,55,0,87,39,41
2950,109,0,186,64,91
2951,44,0,182,41,66
2952,72,0,153,63,108
2953,36,0,59,35,43
2954,36,0,81,30,54
2955,60,0,200,97,93
2956,28,0,54,18,26
2957,43,0,72,45,42
2958,8,0,38,14,32
2959,68,0,194,96,55
2960,90,0,195,74,91
2961,20,0,86,36,22
2962,119,1,190,59,81
2963,52,0,121,41,40
2964,36,0,171,38,42
2965,94,1,220,67,68
2966,118,0,181,76,75
2967,48,0,104,37,36
2968,129,0,197,70,54
2969,128,1,146,88,87
2970,139,0,150,64,97
2971,72,1,198,75,104
2972,74,0,223,83,70
2973,131,0,159,62,98
2974,40,1,257,98,54
2975,73,0,186,120,71
2976,100,1,175,77,73
2977,76,1,219,80,74
2978,36,0,266,60,48
2979,56,0,222,67,47
2980,90,0,209,93,58
2981,121,1,158,81,39
2982,72,0,177,54,26
2983,83,0,264,77,26
2984,162,1,113,121,53
2985,68,0,170,65,27
2986,114,0,202,95,39
2987,189,1,105,72,43
2988,20,0,79,23,12
2989,69,1,145,41,52
2990,17,0,275,57,101
2991,16,0,111,20,28
2992,20,0,48,9,8
2993,15,0,61,14,21
2994,267,1,97,62,23
2995,40,0,248,39,37
2996,83,0,226,72,69
2997,52,0,259,58,81
2998,16,0,44,14,7
2999,119,2,185,92,52
3000,68,0,157,45,30
