episode,has_crossed_door,got_key,opened_door,got_ball
1,0,0,0,0
2,0,0,0,0
3,0,1,0,0
4,0,0,0,0
5,0,1,1,0
6,0,1,0,0
7,1,1,0,0
8,0,0,0,0
9,0,1,0,0
10,0,1,1,0
11,0,1,0,0
12,0,1,0,0
13,0,0,0,0
14,0,1,0,0
15,0,1,0,0
16,0,1,0,0
17,0,1,1,0
18,0,1,0,0
19,0,1,1,0
20,0,1,1,0
21,0,1,1,0
22,0,1,0,0
23,0,0,0,0
24,0,1,0,0
25,0,1,0,0
26,0,1,0,0
27,0,1,0,0
28,0,1,0,0
29,0,0,0,0
30,0,1,0,0
31,0,0,0,0
32,0,0,0,0
33,0,1,0,0
34,0,0,0,0
35,1,1,1,0
36,0,1,0,0
37,0,1,0,0
38,0,1,0,0
39,0,1,0,0
40,0,1,1,0
41,0,1,0,0
42,0,0,0,0
43,1,1,0,0
44,0,1,0,0
45,0,1,1,0
46,0,1,0,0
47,0,1,0,0
48,0,1,0,0
49,0,1,0,0
50,0,1,0,0
51,0,1,0,0
52,0,1,0,0
53,0,0,0,0
54,0,1,1,0
55,0,1,0,0
56,1,1,1,0
57,0,1,1,0
58,0,1,0,0
59,0,1,0,0
60,1,1,1,0
61,0,1,0,0
62,0,1,0,0
63,0,1,1,0
64,0,1,0,0
65,0,1,1,0
66,0,1,0,0
67,1,1,0,0
68,0,1,0,0
69,1,1,1,0
70,0,1,1,0
71,1,1,1,0
72,1,1,1,0
73,0,1,1,0
74,0,1,0,0
75,0,0,0,0
76,0,1,0,0
77,0,1,0,0
78,0,1,0,0
79,0,1,0,0
80,0,1,0,0
81,1,1,1,1
82,0,0,0,0
83,0,1,0,0
84,1,1,1,0
85,0,0,0,0
86,0,1,0,0
87,0,0,0,0
88,1,1,1,0
89,1,1,1,0
90,0,1,0,0
91,0,0,0,0
92,0,1,0,0
93,0,1,0,0
94,1,1,1,1
95,0,1,0,0
96,0,1,0,0
97,0,1,0,0
98,1,1,1,1
99,0,0,0,0
100,0,1,0,0
101,1,1,1,0
102,0,1,0,0
103,0,1,1,0
104,1,1,1,0
105,0,1,0,0
106,0,1,0,0
107,0,1,0,0
108,1,1,0,1
109,1,1,1,1
110,0,1,0,0
111,1,1,1,0
112,0,1,0,0
113,0,1,0,0
114,0,1,0,0
115,0,1,0,0
116,0,1,0,0
117,0,1,0,0
118,0,1,1,0
119,0,1,0,0
120,0,1,0,0
121,0,1,1,0
122,0,1,0,0
123,0,1,1,0
124,0,1,0,0
125,0,1,0,0
126,0,0,0,0
127,0,1,1,0
128,0,1,0,0
129,0,1,0,0
130,0,1,0,0
131,0,1,0,0
132,0,1,0,0
133,0,1,0,0
134,0,1,0,0
135,0,1,1,0
136,0,1,0,0
137,0,1,1,0
138,0,1,0,0
139,0,1,0,0
140,0,1,1,0
141,0,1,0,0
142,1,1,1,0
143,0,0,0,0
144,0,1,0,0
145,1,1,1,0
146,0,1,0,0
147,0,1,0,0
148,0,1,0,0
149,0,1,1,0
150,0,1,1,0
151,0,1,0,0
152,0,1,0,0
153,0,1,0,0
154,0,0,0,0
155,0,1,0,0
156,0,1,0,0
157,0,1,0,0
158,0,1,1,0
159,0,1,1,0
160,0,1,0,0
161,1,1,0,1
162,0,1,0,0
163,0,1,0,0
164,0,1,1,0
165,1,1,1,0
166,0,0,0,0
167,0,1,1,0
168,1,1,1,1
169,0,1,1,0
170,1,1,1,1
171,1,1,1,1
172,0,1,0,0
173,1,1,1,1
174,1,1,1,0
175,0,1,0,0
176,0,1,0,0
177,0,1,0,0
178,1,1,1,0
179,0,1,0,0
180,0,1,0,0
181,0,1,0,0
182,1,1,0,1
183,0,1,0,0
184,0,1,0,0
185,0,0,0,0
186,1,1,1,1
187,1,1,1,0
188,0,1,0,0
189,0,1,0,0
190,0,1,0,0
191,1,1,1,0
192,0,1,1,0
193,0,1,0,0
194,0,1,1,0
195,0,1,0,0
196,0,1,0,0
197,0,1,0,0
198,0,1,0,0
199,0,1,0,0
200,0,1,0,0
201,0,1,0,0
202,0,1,0,0
203,1,1,0,1
204,1,1,1,0
205,1,1,1,1
206,0,1,0,0
207,1,1,1,1
208,0,1,0,0
209,0,1,0,0
210,1,1,1,0
211,0,1,0,0
212,0,1,0,0
213,1,1,1,1
214,0,1,0,0
215,0,1,0,0
216,1,1,0,0
217,0,1,0,0
218,0,1,0,0
219,0,1,0,0
220,0,1,0,0
221,1,1,1,0
222,0,0,0,0
223,1,1,1,0
224,0,1,0,0
225,0,1,0,0
226,1,1,1,0
227,0,1,0,0
228,0,1,0,0
229,1,1,1,1
230,0,1,0,0
231,0,1,0,0
232,0,1,1,0
233,0,1,1,0
234,1,1,1,0
235,0,1,0,0
236,0,1,0,0
237,0,1,1,0
238,1,1,1,1
239,0,1,0,0
240,0,1,0,0
241,1,1,1,1
242,0,0,0,0
243,0,1,0,0
244,0,1,1,0
245,1,1,1,1
246,0,1,0,0
247,0,0,0,0
248,0,1,0,0
249,0,1,0,0
250,0,1,0,0
251,0,1,0,0
252,0,1,0,0
253,0,1,0,0
254,1,1,0,0
255,1,1,1,1
256,1,1,1,0
257,0,1,0,0
258,0,1,0,0
259,0,1,1,0
260,1,1,1,1
261,0,0,0,0
262,0,1,0,0
263,0,1,0,0
264,0,1,0,0
265,1,1,1,0
266,0,1,0,0
267,1,1,1,0
268,1,1,1,0
269,0,1,1,0
270,1,1,1,0
271,1,1,1,1
272,0,1,0,0
273,1,1,1,0
274,1,1,1,0
275,0,1,1,0
276,0,1,0,0
277,1,1,0,0
278,0,1,0,0
279,1,1,0,1
280,0,1,0,0
281,0,1,0,0
282,1,1,1,0
283,0,1,0,0
284,0,1,0,0
285,1,1,1,0
286,0,1,0,0
287,1,1,1,0
288,0,1,0,0
289,0,1,1,0
290,1,1,0,0
291,0,1,0,0
292,0,1,0,0
293,0,1,0,0
294,1,1,1,1
295,1,1,1,0
296,1,1,1,0
297,1,1,1,1
298,0,1,0,0
299,0,1,0,0
300,0,1,0,0
301,0,1,0,0
302,0,1,0,0
303,0,1,0,0
304,1,1,1,0
305,0,1,0,0
306,1,1,1,1
307,0,1,0,0
308,0,1,0,0
309,1,1,1,1
310,0,1,0,0
311,0,1,0,0
312,0,1,0,0
313,0,1,0,0
314,0,1,0,0
315,1,1,1,1
316,1,1,0,0
317,1,1,1,0
318,0,1,0,0
319,1,1,1,1
320,1,1,1,0
321,1,1,1,0
322,0,1,0,0
323,0,1,1,0
324,0,1,0,0
325,0,1,0,0
326,0,1,0,0
327,1,1,1,0
328,1,1,1,1
329,0,1,0,0
330,0,1,0,0
331,0,1,0,0
332,0,1,0,0
333,1,1,1,0
334,0,1,0,0
335,1,1,1,1
336,1,1,0,1
337,0,0,0,0
338,0,1,0,0
339,0,1,0,0
340,1,1,1,0
341,0,1,1,0
342,1,1,1,0
343,0,1,0,0
344,0,1,0,0
345,0,1,1,0
346,1,1,1,1
347,0,1,0,0
348,1,1,1,0
349,0,1,0,0
350,0,1,0,0
351,0,1,0,0
352,0,1,0,0
353,0,1,0,0
354,1,1,1,0
355,0,1,0,0
356,0,1,0,0
357,0,1,0,0
358,1,1,1,0
359,0,1,1,0
360,0,1,0,0
361,0,1,1,0
362,0,1,0,0
363,0,1,0,0
364,0,0,0,0
365,0,1,0,0
366,0,1,0,0
367,0,1,0,0
368,1,1,0,0
369,1,1,1,1
370,0,1,0,0
371,0,1,1,0
372,1,1,1,0
373,1,1,1,0
374,0,1,1,0
375,1,1,1,0
376,0,1,0,0
377,0,1,0,0
378,1,1,1,0
379,0,1,0,0
380,0,1,0,0
381,1,1,1,1
382,0,1,1,0
383,0,1,0,0
384,0,1,0,0
385,0,1,0,0
386,0,1,0,0
387,0,1,0,0
388,0,1,0,0
389,1,1,1,0
390,0,1,0,0
391,0,1,0,0
392,0,1,1,0
393,0,1,0,0
394,1,1,1,1
395,0,1,0,0
396,0,1,0,0
397,0,1,0,0
398,0,0,0,0
399,0,1,0,0
400,1,1,1,0
401,0,1,0,0
402,0,1,0,0
403,0,1,0,0
404,0,1,0,0
405,0,1,0,0
406,0,1,0,0
407,1,1,1,1
408,0,0,0,0
409,0,1,0,0
410,0,1,0,0
411,1,1,1,0
412,1,1,1,0
413,0,0,0,0
414,1,1,1,0
415,1,1,0,0
416,0,1,1,0
417,0,1,0,0
418,1,1,1,1
419,0,1,0,0
420,1,1,1,1
421,0,1,1,0
422,1,1,1,0
423,0,1,0,0
424,1,1,1,1
425,1,1,1,1
426,0,1,0,0
427,0,1,0,0
428,1,1,1,0
429,0,1,0,0
430,0,1,0,0
431,1,1,1,0
432,0,1,0,0
433,1,1,1,0
434,1,1,1,1
435,0,1,0,0
436,1,1,1,1
437,0,1,0,0
438,1,1,1,0
439,0,1,0,0
440,1,1,1,1
441,0,1,0,0
442,1,1,0,1
443,0,1,0,0
444,0,1,0,0
445,0,1,1,0
446,0,1,0,0
447,0,1,0,0
448,0,1,0,0
449,0,1,0,0
450,0,1,0,0
451,0,1,0,0
452,0,1,0,0
453,1,1,0,1
454,1,1,1,1
455,0,1,1,0
456,0,1,0,0
457,1,1,1,0
458,1,1,1,1
459,1,1,1,0
460,1,1,1,0
461,0,1,0,0
462,0,1,0,0
463,1,1,1,0
464,0,1,0,0
465,1,1,1,0
466,1,1,1,0
467,0,1,0,0
468,1,1,1,1
469,0,1,0,0
470,0,1,0,0
471,0,1,0,0
472,1,1,1,0
473,0,1,0,0
474,0,1,0,0
475,0,1,0,0
476,0,1,0,0
477,1,1,0,0
478,1,1,1,0
479,0,1,1,0
480,1,1,1,1
481,0,1,0,0
482,0,1,1,0
483,0,1,0,0
484,0,1,0,0
485,0,1,0,0
486,0,1,0,0
487,0,1,0,0
488,0,1,0,0
489,0,0,0,0
490,0,1,0,0
491,0,1,0,0
492,0,1,0,0
493,1,1,1,1
494,0,1,0,0
495,1,1,1,0
496,0,1,0,0
497,0,1,0,0
498,1,1,1,0
499,1,1,1,0
500,0,0,0,0
501,0,1,0,0
502,0,1,0,0
503,0,1,1,0
504,0,0,0,0
505,1,1,1,1
506,0,1,0,0
507,0,1,0,0
508,1,1,1,1
509,0,1,0,0
510,1,1,1,1
511,0,1,0,0
512,1,1,0,0
513,0,1,0,0
514,0,1,1,0
515,1,1,0,0
516,0,1,0,0
517,1,1,1,1
518,1,1,1,0
519,0,1,0,0
520,0,1,0,0
521,0,0,0,0
522,1,1,1,1
523,0,1,0,0
524,1,1,1,0
525,0,1,0,0
526,0,1,0,0
527,1,1,1,1
528,0,0,0,0
529,0,1,0,0
530,0,1,1,0
531,0,1,0,0
532,1,1,1,0
533,0,1,1,0
534,0,1,0,0
535,0,1,0,0
536,0,1,0,0
537,1,1,1,0
538,1,1,1,0
539,0,1,1,0
540,0,1,0,0
541,0,1,1,0
542,1,1,1,0
543,0,0,0,0
544,0,1,0,0
545,0,1,0,0
546,0,1,0,0
547,0,1,0,0
548,0,1,0,0
549,0,1,0,0
550,1,1,1,1
551,0,0,0,0
552,0,1,0,0
553,0,1,0,0
554,0,1,0,0
555,1,1,1,0
556,0,1,1,0
557,1,1,1,1
558,1,1,1,0
559,0,1,0,0
560,1,1,1,1
561,0,1,0,0
562,0,1,0,0
563,0,1,0,0
564,0,1,1,0
565,0,1,0,0
566,0,1,0,0
567,0,1,0,0
568,0,1,0,0
569,0,1,1,0
570,1,1,1,1
571,1,1,1,0
572,1,1,1,0
573,0,1,1,0
574,0,1,0,0
575,0,1,0,0
576,0,1,0,0
577,0,1,0,0
578,1,1,1,0
579,0,1,0,0
580,0,1,0,0
581,1,1,1,0
582,1,1,1,0
583,0,1,0,0
584,1,1,1,0
585,1,1,1,0
586,1,1,1,1
587,0,1,0,0
588,1,1,1,0
589,0,1,1,0
590,1,1,1,0
591,0,1,0,0
592,0,1,0,0
593,0,1,0,0
594,1,1,0,1
595,1,1,1,0
596,0,1,0,0
597,0,1,0,0
598,1,1,0,0
599,1,1,1,0
600,0,1,0,0
601,1,1,1,1
602,0,1,0,0
603,0,1,0,0
604,0,1,0,0
605,0,1,0,0
606,1,1,1,0
607,0,1,0,0
608,0,0,0,0
609,0,1,0,0
610,1,1,1,1
611,0,1,1,0
612,0,1,1,0
613,0,1,1,0
614,0,1,0,0
615,1,1,1,0
616,1,1,1,0
617,0,1,0,0
618,1,1,1,1
619,0,1,0,0
620,0,1,1,0
621,0,1,0,0
622,0,1,0,0
623,0,1,1,0
624,1,1,1,0
625,0,1,0,0
626,1,1,0,1
627,0,1,0,0
628,0,1,0,0
629,0,1,0,0
630,0,1,0,0
631,0,1,0,0
632,0,1,0,0
633,0,1,0,0
634,1,1,1,1
635,0,1,0,0
636,0,1,0,0
637,0,1,0,0
638,0,1,1,0
639,0,1,1,0
640,0,0,0,0
641,0,1,0,0
642,1,1,1,0
643,0,1,1,0
644,0,1,1,0
645,0,1,0,0
646,0,0,0,0
647,0,1,0,0
648,0,1,0,0
649,1,1,1,0
650,0,1,0,0
651,0,1,1,0
652,0,1,0,0
653,0,1,0,0
654,0,1,0,0
655,1,1,1,1
656,0,1,1,0
657,1,1,0,0
658,0,1,0,0
659,0,1,0,0
660,0,1,0,0
661,0,1,0,0
662,1,1,0,0
663,0,1,0,0
664,1,1,1,1
665,0,1,0,0
666,0,1,1,0
667,1,1,1,1
668,0,1,0,0
669,1,1,1,0
670,0,1,0,0
671,0,1,0,0
672,1,1,1,0
673,0,1,0,0
674,0,0,0,0
675,0,1,0,0
676,1,1,1,1
677,0,1,0,0
678,0,1,1,0
679,0,1,0,0
680,1,1,1,0
681,1,1,1,0
682,0,1,0,0
683,0,1,0,0
684,0,1,0,0
685,0,1,0,0
686,0,1,0,0
687,0,1,0,0
688,0,1,0,0
689,1,1,1,1
690,0,1,0,0
691,0,1,1,0
692,1,1,1,1
693,0,1,0,0
694,0,1,0,0
695,0,1,0,0
696,1,1,0,0
697,1,1,1,0
698,0,1,0,0
699,0,1,0,0
700,1,1,1,1
701,1,1,1,1
702,0,1,0,0
703,0,1,0,0
704,0,1,0,0
705,0,1,0,0
706,0,1,0,0
707,0,1,0,0
708,0,1,0,0
709,1,1,1,0
710,0,1,0,0
711,0,1,0,0
712,0,1,0,0
713,0,0,0,0
714,0,1,0,0
715,0,1,1,0
716,0,1,0,0
717,0,1,0,0
718,0,1,0,0
719,0,1,1,0
720,0,1,0,0
721,0,1,0,0
722,1,1,1,1
723,0,1,0,0
724,1,1,1,0
725,0,1,1,0
726,1,1,1,0
727,1,1,1,1
728,0,1,0,0
729,1,1,1,0
730,0,1,0,0
731,0,1,0,0
732,0,0,0,0
733,0,1,0,0
734,0,1,0,0
735,1,1,1,1
736,0,1,0,0
737,0,1,0,0
738,1,1,1,0
739,0,1,0,0
740,1,1,1,0
741,0,1,0,0
742,0,1,0,0
743,1,1,1,0
744,0,1,0,0
745,1,1,1,0
746,0,1,0,0
747,0,1,0,0
748,1,1,1,0
749,1,1,1,0
750,0,1,0,0
751,0,1,0,0
752,1,1,1,0
753,1,1,1,0
754,0,1,0,0
755,1,1,1,0
756,0,1,0,0
757,0,1,0,0
758,0,1,0,0
759,0,1,0,0
760,0,1,0,0
761,1,1,1,1
762,1,1,1,0
763,0,1,0,0
764,1,1,1,1
765,0,1,0,0
766,1,1,1,1
767,1,1,1,0
768,0,1,0,0
769,1,1,1,1
770,0,1,0,0
771,0,1,0,0
772,1,1,0,0
773,0,1,0,0
774,0,1,0,0
775,0,1,0,0
776,0,1,0,0
777,0,1,0,0
778,0,1,1,0
779,1,1,1,0
780,0,1,0,0
781,0,1,0,0
782,1,1,1,1
783,0,1,0,0
784,0,1,0,0
785,0,1,0,0
786,0,1,1,0
787,0,1,1,0
788,0,1,0,0
789,0,1,0,0
790,0,1,0,0
791,0,1,0,0
792,1,1,1,1
793,0,1,0,0
794,1,1,1,1
795,1,1,1,1
796,1,1,0,0
797,1,1,1,1
798,0,1,0,0
799,1,1,1,1
800,0,1,0,0
801,1,1,1,0
802,0,1,0,0
803,1,1,1,0
804,1,1,1,0
805,1,1,1,0
806,0,1,0,0
807,1,1,1,1
808,0,1,0,0
809,0,1,0,0
810,0,1,0,0
811,1,1,1,0
812,1,1,1,0
813,0,1,0,0
814,1,1,1,0
815,1,1,1,1
816,0,1,1,0
817,0,1,0,0
818,1,1,1,0
819,1,1,1,1
820,0,1,0,0
821,0,1,0,0
822,1,1,1,0
823,0,1,0,0
824,1,1,1,0
825,0,1,0,0
826,1,1,1,1
827,0,1,0,0
828,1,1,1,0
829,0,1,0,0
830,0,1,0,0
831,0,1,0,0
832,1,1,0,0
833,0,1,0,0
834,1,1,1,1
835,0,1,1,0
836,0,1,0,0
837,1,1,1,1
838,0,1,0,0
839,0,1,0,0
840,0,1,0,0
841,0,1,1,0
842,1,1,1,0
843,1,1,1,0
844,1,1,1,0
845,0,1,0,0
846,0,1,0,0
847,1,1,1,1
848,0,1,0,0
849,1,1,1,1
850,0,1,0,0
851,1,1,1,0
852,1,1,1,0
853,1,1,1,0
854,0,1,0,0
855,0,1,1,0
856,1,1,1,0
857,0,1,0,0
858,1,1,1,1
859,0,1,0,0
860,0,1,0,0
861,0,1,0,0
862,1,1,1,1
863,0,1,0,0
864,0,1,0,0
865,0,1,0,0
866,0,1,0,0
867,0,1,0,0
868,0,1,0,0
869,0,1,1,0
870,0,1,0,0
871,1,1,1,0
872,0,1,0,0
873,0,1,0,0
874,1,1,1,0
875,0,1,0,0
876,0,1,0,0
877,0,1,0,0
878,0,1,0,0
879,0,1,1,0
880,1,1,1,1
881,1,1,1,1
882,0,1,0,0
883,0,1,0,0
884,0,1,1,0
885,1,1,1,1
886,1,1,1,0
887,0,1,0,0
888,0,1,0,0
889,0,1,0,0
890,0,0,0,0
891,0,1,0,0
892,0,1,0,0
893,0,1,0,0
894,1,1,1,0
895,0,1,0,0
896,0,1,0,0
897,0,1,0,0
898,0,1,0,0
899,0,1,0,0
900,0,1,0,0
901,1,1,1,1
902,0,1,0,0
903,1,1,0,0
904,0,1,0,0
905,0,1,1,0
906,0,1,0,0
907,0,1,0,0
908,1,1,1,0
909,0,1,0,0
910,1,1,1,0
911,0,1,0,0
912,0,1,1,0
913,0,0,0,0
914,0,0,0,0
915,1,1,1,1
916,1,1,1,0
917,1,1,1,1
918,1,1,1,0
919,1,1,1,1
920,1,1,1,0
921,1,1,1,0
922,1,1,1,1
923,0,1,0,0
924,0,1,0,0
925,1,1,1,1
926,1,1,1,0
927,1,1,1,0
928,0,1,0,0
929,0,1,0,0
930,0,1,0,0
931,1,1,1,0
932,0,1,0,0
933,1,1,1,0
934,0,1,0,0
935,0,1,0,0
936,1,1,1,0
937,0,1,1,0
938,1,1,1,0
939,1,1,1,0
940,0,1,0,0
941,1,1,1,0
942,1,1,1,0
943,0,1,0,0
944,0,1,0,0
945,1,1,1,1
946,1,1,1,1
947,0,1,0,0
948,0,1,0,0
949,1,1,1,0
950,1,1,1,1
951,1,1,1,1
952,0,1,0,0
953,0,1,0,0
954,0,1,0,0
955,0,1,0,0
956,0,1,0,0
957,0,1,0,0
958,1,1,1,0
959,0,0,0,0
960,0,1,0,0
961,0,1,0,0
962,1,1,1,0
963,1,1,0,1
964,0,1,0,0
965,0,1,0,0
966,0,1,0,0
967,0,1,0,0
968,0,1,0,0
969,1,1,1,0
970,0,1,0,0
971,0,1,0,0
972,0,1,1,0
973,1,1,1,0
974,1,1,1,1
975,0,0,0,0
976,0,1,0,0
977,1,1,1,1
978,0,1,0,0
979,0,1,1,0
980,1,1,1,0
981,0,1,0,0
982,0,1,0,0
983,1,1,1,0
984,1,1,1,1
985,1,1,1,0
986,1,1,1,1
987,0,0,0,0
988,1,1,1,0
989,1,1,1,1
990,1,1,0,0
991,0,1,0,0
992,0,1,0,0
993,0,1,0,0
994,1,1,1,1
995,0,1,0,0
996,0,1,0,0
997,1,1,1,1
998,1,1,1,0
999,0,1,0,0
1000,0,1,0,0
1001,0,1,0,0
1002,1,1,1,1
1003,1,1,1,0
1004,0,1,0,0
1005,0,1,0,0
1006,1,1,1,0
1007,0,1,0,0
1008,0,0,0,0
1009,1,1,1,0
1010,0,1,0,0
1011,0,1,0,0
1012,1,1,1,1
1013,1,1,1,1
1014,1,1,0,0
1015,0,1,0,0
1016,0,1,0,0
1017,1,1,1,0
1018,0,0,0,0
1019,1,1,1,0
1020,0,1,0,0
1021,0,1,0,0
1022,0,1,0,0
1023,0,1,0,0
1024,0,1,0,0
1025,0,1,0,0
1026,1,1,1,0
1027,1,1,1,0
1028,0,1,0,0
1029,0,1,1,0
1030,0,1,0,0
1031,0,1,0,0
1032,0,1,0,0
1033,0,1,0,0
1034,1,1,1,0
1035,1,1,1,1
1036,0,1,0,0
1037,0,1,0,0
1038,0,1,0,0
1039,0,0,0,0
1040,0,0,0,0
1041,0,1,0,0
1042,0,1,0,0
1043,1,1,1,1
1044,1,1,1,0
1045,0,0,0,0
1046,1,1,1,1
1047,0,1,0,0
1048,0,1,0,0
1049,0,1,0,0
1050,1,1,1,1
1051,1,1,1,0
1052,0,1,0,0
1053,1,1,1,0
1054,0,1,1,0
1055,1,1,1,0
1056,0,1,0,0
1057,1,1,1,0
1058,1,1,1,0
1059,1,1,1,0
1060,1,1,1,0
1061,0,1,0,0
1062,0,1,0,0
1063,1,1,1,1
1064,0,1,0,0
1065,0,1,0,0
1066,0,1,0,0
1067,0,1,0,0
1068,0,1,0,0
1069,0,1,0,0
1070,1,1,1,1
1071,0,1,0,0
1072,1,1,1,0
1073,0,0,0,0
1074,0,1,1,0
1075,1,1,0,0
1076,0,1,0,0
1077,1,1,1,1
1078,0,1,0,0
1079,0,1,0,0
1080,1,1,0,1
1081,1,1,1,0
1082,0,0,0,0
1083,1,1,1,0
1084,1,1,1,0
1085,1,1,1,0
1086,1,1,1,1
1087,1,1,1,0
1088,1,1,1,0
1089,1,1,1,0
1090,1,1,1,0
1091,0,1,0,0
1092,0,1,0,0
1093,1,1,1,0
1094,0,1,0,0
1095,0,1,0,0
1096,0,1,0,0
1097,1,1,0,1
1098,0,0,0,0
1099,1,1,1,0
1100,0,1,1,0
1101,1,1,1,0
1102,1,1,1,0
1103,0,0,0,0
1104,0,1,0,0
1105,1,1,1,0
1106,0,1,0,0
1107,1,1,1,0
1108,0,1,0,0
1109,0,0,0,0
1110,1,1,1,0
1111,0,0,0,0
1112,0,1,0,0
1113,1,1,0,1
1114,1,1,1,0
1115,1,1,1,1
1116,0,0,0,0
1117,0,1,0,0
1118,1,1,1,0
1119,0,1,0,0
1120,0,1,0,0
1121,0,1,0,0
1122,1,1,1,0
1123,0,0,0,0
1124,0,1,0,0
1125,0,1,0,0
1126,0,1,0,0
1127,1,1,1,1
1128,1,1,1,0
1129,0,1,0,0
1130,0,0,0,0
1131,0,0,0,0
1132,1,1,1,0
1133,1,1,1,1
1134,1,1,1,0
1135,0,0,0,0
1136,1,1,1,0
1137,1,1,1,1
1138,1,1,1,1
1139,1,1,1,1
1140,0,1,0,0
1141,1,1,1,0
1142,1,1,0,1
1143,1,1,1,1
1144,1,1,1,0
1145,0,1,0,0
1146,1,1,1,1
1147,1,1,1,0
1148,1,1,1,0
1149,0,0,0,0
1150,1,1,1,1
1151,1,1,1,0
1152,1,1,1,1
1153,1,1,1,0
1154,1,1,1,0
1155,0,1,0,0
1156,1,1,1,1
1157,1,1,1,1
1158,1,1,1,0
1159,1,1,1,0
1160,1,1,1,0
1161,0,0,0,0
1162,0,0,0,0
1163,0,0,0,0
1164,0,1,0,0
1165,0,1,0,0
1166,0,0,0,0
1167,0,1,0,0
1168,0,1,0,0
1169,0,1,0,0
1170,0,1,0,0
1171,0,0,0,0
1172,0,1,0,0
1173,0,0,0,0
1174,0,1,0,0
1175,1,1,0,0
1176,1,1,1,0
1177,1,1,1,1
1178,0,1,0,0
1179,1,1,1,0
1180,1,1,1,1
1181,1,1,1,0
1182,1,1,1,1
1183,1,1,1,1
1184,1,1,1,0
1185,0,0,0,0
1186,0,1,0,0
1187,1,1,1,1
1188,0,1,0,0
1189,0,1,0,0
1190,0,1,0,0
1191,1,1,1,0
1192,1,1,1,0
1193,0,1,0,0
1194,0,0,0,0
1195,1,1,1,1
1196,0,0,0,0
1197,1,1,1,0
1198,1,1,1,0
1199,1,1,1,0
1200,0,1,0,0
1201,0,1,0,0
1202,1,1,0,1
1203,0,1,0,0
1204,0,1,0,0
1205,0,1,0,0
1206,1,1,1,0
1207,0,1,0,0
1208,0,1,0,0
1209,0,1,0,0
1210,0,1,0,0
1211,0,0,0,0
1212,1,1,1,1
1213,0,0,0,0
1214,0,1,1,0
1215,1,1,1,0
1216,0,1,0,0
1217,0,1,0,0
1218,1,1,1,0
1219,1,1,1,0
1220,1,1,0,1
1221,1,1,1,1
1222,0,1,0,0
1223,0,1,0,0
1224,0,1,0,0
1225,0,1,0,0
1226,0,1,1,0
1227,1,1,1,0
1228,1,1,1,0
1229,0,1,0,0
1230,1,1,1,0
1231,1,1,1,0
1232,0,1,0,0
1233,0,1,0,0
1234,0,0,0,0
1235,0,1,0,0
1236,1,1,1,0
1237,1,1,1,0
1238,1,1,1,1
1239,0,1,1,0
1240,0,1,0,0
1241,1,1,1,1
1242,0,0,0,0
1243,1,1,1,1
1244,0,0,0,0
1245,1,1,1,0
1246,0,1,0,0
1247,0,1,0,0
1248,0,1,1,0
1249,1,1,1,1
1250,1,1,1,0
1251,1,1,1,0
1252,1,1,1,1
1253,0,1,0,0
1254,1,1,0,0
1255,1,1,1,0
1256,0,1,0,0
1257,0,1,0,0
1258,1,1,1,0
1259,0,1,0,0
1260,1,1,1,1
1261,0,1,0,0
1262,1,1,1,0
1263,0,0,0,0
1264,1,1,1,0
1265,0,1,0,0
1266,0,0,0,0
1267,0,1,0,0
1268,0,1,0,0
1269,0,1,0,0
1270,1,1,1,0
1271,1,1,1,0
1272,1,1,1,1
1273,1,1,1,0
1274,1,1,1,0
1275,1,1,1,0
1276,1,1,1,0
1277,1,1,1,0
1278,1,1,1,0
1279,0,1,0,0
1280,1,1,1,0
1281,1,1,1,0
1282,1,1,1,1
1283,0,1,1,0
1284,0,1,1,0
1285,1,1,1,1
1286,1,1,1,1
1287,0,1,0,0
1288,1,1,1,1
1289,0,1,0,0
1290,0,0,0,0
1291,0,1,0,0
1292,1,1,1,1
1293,0,1,0,0
1294,1,1,0,1
1295,0,1,1,0
1296,0,1,0,0
1297,0,1,0,0
1298,1,1,1,0
1299,0,1,0,0
1300,1,1,0,0
1301,1,1,1,0
1302,1,1,1,0
1303,0,1,0,0
1304,1,1,1,1
1305,0,1,0,0
1306,0,1,0,0
1307,1,1,1,0
1308,0,0,0,0
1309,1,1,1,0
1310,1,1,1,0
1311,1,1,0,0
1312,1,1,1,0
1313,1,1,1,1
1314,0,0,0,0
1315,1,1,1,0
1316,1,1,1,0
1317,0,0,0,0
1318,0,1,0,0
1319,1,1,1,0
1320,0,1,0,0
1321,1,1,1,0
1322,1,1,1,1
1323,1,1,1,0
1324,1,1,1,1
1325,0,1,0,0
1326,1,1,1,1
1327,1,1,1,0
1328,1,1,1,0
1329,0,1,0,0
1330,0,0,0,0
1331,1,1,1,0
1332,0,0,0,0
1333,1,1,1,0
1334,1,1,1,0
1335,1,1,1,0
1336,1,1,1,1
1337,0,1,0,0
1338,0,0,0,0
1339,1,1,1,0
1340,1,1,1,0
1341,0,1,0,0
1342,1,1,1,0
1343,1,1,1,0
1344,1,1,1,0
1345,0,0,0,0
1346,1,1,1,0
1347,1,1,1,0
1348,0,1,0,0
1349,1,1,1,1
1350,0,0,0,0
1351,0,1,0,0
1352,1,1,1,1
1353,0,1,0,0
1354,1,1,1,0
1355,1,1,0,0
1356,0,1,1,0
1357,1,1,1,1
1358,1,1,1,0
1359,1,1,1,1
1360,1,1,1,0
1361,1,1,1,1
1362,1,1,1,1
1363,1,1,1,1
1364,1,1,1,0
1365,1,1,1,0
1366,1,1,1,0
1367,1,1,1,0
1368,1,1,1,0
1369,1,1,0,0
1370,0,1,0,0
1371,0,0,0,0
1372,0,0,0,0
1373,0,0,0,0
1374,0,1,0,0
1375,0,1,0,0
1376,0,1,0,0
1377,0,1,0,0
1378,1,1,1,1
1379,1,1,1,0
1380,1,1,1,0
1381,1,1,1,0
1382,1,1,1,1
1383,0,1,1,0
1384,1,1,1,1
1385,1,1,1,0
1386,1,1,1,1
1387,1,1,1,0
1388,0,1,0,0
1389,1,1,1,0
1390,0,1,0,0
1391,1,1,1,1
1392,1,1,1,0
1393,0,1,1,0
1394,1,1,0,0
1395,1,1,1,0
1396,1,1,1,0
1397,1,1,1,0
1398,0,1,1,0
1399,1,1,1,1
1400,0,1,0,0
1401,0,1,0,0
1402,0,1,0,0
1403,0,0,0,0
1404,1,1,1,0
1405,1,1,1,0
1406,1,1,1,0
1407,0,1,0,0
1408,0,1,0,0
1409,1,1,1,0
1410,1,1,1,1
1411,1,1,1,0
1412,0,1,0,0
1413,1,1,1,0
1414,1,1,1,0
1415,0,1,0,0
1416,1,1,1,1
1417,0,0,0,0
1418,0,1,0,0
1419,0,1,1,0
1420,1,1,1,0
1421,0,1,1,0
1422,1,1,1,1
1423,0,1,0,0
1424,0,1,0,0
1425,1,1,1,1
1426,1,1,1,0
1427,0,1,0,0
1428,1,1,1,0
1429,1,1,1,0
1430,0,0,0,0
1431,0,1,1,0
1432,0,1,0,0
1433,1,1,1,0
1434,1,1,1,0
1435,1,1,0,0
1436,0,0,0,0
1437,0,1,0,0
1438,1,1,1,1
1439,0,1,0,0
1440,0,1,0,0
1441,1,1,1,0
1442,1,1,1,1
1443,0,1,0,0
1444,0,1,0,0
1445,1,1,1,0
1446,1,1,1,0
1447,1,1,1,0
1448,1,1,1,1
1449,0,1,0,0
1450,1,1,1,0
1451,0,0,0,0
1452,1,1,0,0
1453,1,1,1,0
1454,0,1,0,0
1455,0,1,0,0
1456,1,1,1,1
1457,0,1,0,0
1458,1,1,1,0
1459,0,0,0,0
1460,1,1,1,0
1461,1,1,1,1
1462,1,1,1,0
1463,0,1,0,0
1464,0,1,0,0
1465,1,1,1,0
1466,1,1,1,1
1467,1,1,1,0
1468,0,1,1,0
1469,1,1,1,0
1470,1,1,1,0
1471,0,0,0,0
1472,1,1,0,1
1473,0,1,0,0
1474,1,1,1,0
1475,1,1,1,0
1476,0,1,1,0
1477,1,1,1,0
1478,1,1,1,1
1479,1,1,1,0
1480,1,1,1,0
1481,0,1,1,0
1482,1,1,1,0
1483,1,1,1,1
1484,0,1,0,0
1485,1,1,1,1
1486,1,1,1,0
1487,1,1,1,0
1488,0,1,0,0
1489,1,1,1,0
1490,1,1,0,0
1491,0,1,0,0
1492,1,1,0,0
1493,1,1,1,1
1494,1,1,1,0
1495,0,0,0,0
1496,1,1,0,0
1497,0,1,0,0
1498,0,1,0,0
1499,1,1,0,0
1500,1,1,1,0
1501,1,1,1,0
1502,1,1,1,0
1503,1,1,1,1
1504,1,1,0,0
1505,1,1,1,0
1506,1,1,1,0
1507,1,1,1,1
1508,1,1,1,0
1509,0,1,0,0
1510,0,1,0,0
1511,1,1,1,0
1512,0,1,0,0
1513,0,0,0,0
1514,0,0,0,0
1515,1,1,1,0
1516,1,1,0,1
1517,1,1,1,0
1518,0,1,0,0
1519,1,1,1,0
1520,1,1,1,0
1521,1,1,1,1
1522,1,1,0,0
1523,1,1,0,0
1524,0,0,0,0
1525,1,1,1,0
1526,1,1,1,1
1527,0,1,0,0
1528,1,1,0,1
1529,0,1,0,0
1530,1,1,1,0
1531,1,1,1,0
1532,0,1,0,0
1533,1,1,0,0
1534,1,1,1,0
1535,0,1,0,0
1536,1,1,1,0
1537,1,1,1,0
1538,1,1,1,0
1539,1,1,0,0
1540,0,1,0,0
1541,1,1,1,0
1542,1,1,1,0
1543,1,1,1,0
1544,1,1,1,0
1545,0,0,0,0
1546,0,1,1,0
1547,0,1,0,0
1548,0,1,0,0
1549,0,0,0,0
1550,0,1,0,0
1551,1,1,0,0
1552,1,1,1,1
1553,1,1,1,0
1554,1,1,1,0
1555,1,1,0,1
1556,1,1,1,0
1557,0,1,0,0
1558,1,1,1,0
1559,0,0,0,0
1560,1,1,1,0
1561,1,1,1,1
1562,1,1,1,0
1563,0,1,0,0
1564,1,1,0,0
1565,0,1,0,0
1566,1,1,1,0
1567,1,1,1,1
1568,1,1,1,0
1569,0,1,0,0
1570,1,1,1,1
1571,1,1,1,1
1572,1,1,1,0
1573,1,1,1,0
1574,0,0,0,0
1575,1,1,1,0
1576,1,1,1,0
1577,0,1,0,0
1578,0,1,0,0
1579,1,1,0,0
1580,1,1,0,0
1581,1,1,1,1
1582,1,1,1,0
1583,1,1,1,0
1584,1,1,1,1
1585,1,1,0,1
1586,0,1,0,0
1587,0,1,0,0
1588,1,1,1,0
1589,1,1,1,1
1590,1,1,1,1
1591,0,1,0,0
1592,1,1,1,0
1593,0,0,0,0
1594,1,1,1,0
1595,1,1,1,0
1596,1,1,1,1
1597,1,1,1,0
1598,1,1,1,0
1599,1,1,1,0
1600,1,1,1,0
1601,0,1,0,0
1602,1,1,1,1
1603,1,1,1,0
1604,1,1,0,0
1605,1,1,1,0
1606,1,1,1,0
1607,1,1,1,0
1608,1,1,1,0
1609,1,1,1,1
1610,1,1,1,1
1611,0,0,0,0
1612,0,1,0,0
1613,0,0,0,0
1614,1,1,1,0
1615,1,1,1,1
1616,1,1,0,0
1617,0,0,0,0
1618,1,1,1,1
1619,1,1,1,0
1620,1,1,1,0
1621,0,0,0,0
1622,1,1,0,1
1623,1,1,1,0
1624,1,1,1,0
1625,1,1,1,1
1626,1,1,1,0
1627,1,1,1,1
1628,0,1,0,0
1629,0,0,0,0
1630,1,1,1,1
1631,0,1,0,0
1632,1,1,1,0
1633,1,1,1,0
1634,1,1,1,0
1635,0,1,0,0
1636,1,1,1,1
1637,1,1,1,0
1638,1,1,1,0
1639,1,1,1,0
1640,1,1,1,1
1641,0,1,0,0
1642,0,1,0,0
1643,0,1,0,0
1644,1,1,1,0
1645,1,1,1,0
1646,1,1,1,1
1647,0,0,0,0
1648,1,1,1,0
1649,0,0,0,0
1650,1,1,1,0
1651,1,1,1,0
1652,1,1,1,1
1653,1,1,1,0
1654,1,1,1,0
1655,1,1,1,0
1656,1,1,1,0
1657,1,1,1,1
1658,1,1,1,0
1659,0,1,0,0
1660,1,1,1,0
1661,0,1,0,0
1662,0,1,0,0
1663,1,1,0,0
1664,1,1,1,1
1665,1,1,1,1
1666,1,1,0,0
1667,0,1,0,0
1668,0,1,0,0
1669,1,1,1,0
1670,1,1,1,0
1671,1,1,1,1
1672,0,1,0,0
1673,1,1,1,1
1674,1,1,1,1
1675,0,0,0,0
1676,0,0,0,0
1677,1,1,1,0
1678,0,1,0,0
1679,1,1,1,1
1680,1,1,1,0
1681,1,1,1,0
1682,1,1,1,0
1683,0,1,0,0
1684,1,1,1,0
1685,1,1,1,1
1686,1,1,1,0
1687,1,1,1,0
1688,0,1,0,0
1689,0,0,0,0
1690,1,1,0,0
1691,1,1,1,1
1692,1,1,1,0
1693,1,1,1,1
1694,1,1,1,0
1695,1,1,0,1
1696,1,1,1,0
1697,1,1,1,0
1698,1,1,1,1
1699,1,1,1,0
1700,1,1,1,0
1701,1,1,1,0
1702,0,1,0,0
1703,0,0,0,0
1704,1,1,1,0
1705,1,1,0,0
1706,1,1,1,0
1707,1,1,0,0
1708,0,0,0,0
1709,0,1,0,0
1710,1,1,1,0
1711,1,1,1,1
1712,1,1,1,1
1713,1,1,1,0
1714,1,1,0,0
1715,1,1,1,1
1716,0,1,0,0
1717,0,0,0,0
1718,1,1,1,1
1719,1,1,1,0
1720,0,0,0,0
1721,0,0,0,0
1722,0,0,0,0
1723,1,1,0,0
1724,1,1,1,0
1725,1,1,0,0
1726,1,1,1,1
1727,0,1,1,0
1728,1,1,1,0
1729,1,1,1,0
1730,1,1,1,1
1731,1,1,1,0
1732,0,1,0,0
1733,1,1,0,1
1734,1,1,1,0
1735,1,1,1,1
1736,0,1,0,0
1737,1,1,0,0
1738,1,1,1,0
1739,0,0,0,0
1740,1,1,1,0
1741,1,1,0,0
1742,0,0,0,0
1743,1,1,1,0
1744,0,0,0,0
1745,0,0,0,0
1746,1,1,1,0
1747,1,1,1,0
1748,1,1,1,0
1749,1,1,1,0
1750,1,1,1,1
1751,1,1,1,0
1752,0,0,0,0
1753,1,1,1,1
1754,1,1,1,0
1755,1,1,1,0
1756,0,1,0,0
1757,0,0,0,0
1758,1,1,1,1
1759,0,0,0,0
1760,1,1,1,0
1761,0,1,0,0
1762,1,1,0,0
1763,1,1,1,0
1764,1,1,1,1
1765,1,1,0,0
1766,1,1,1,0
1767,0,1,0,0
1768,1,1,1,0
1769,1,1,1,0
1770,1,1,1,0
1771,1,1,1,1
1772,1,1,1,0
1773,1,1,1,0
1774,0,0,0,0
1775,1,1,1,1
1776,0,0,0,0
1777,1,1,0,1
1778,1,1,1,0
1779,0,1,0,0
1780,1,1,1,0
1781,1,1,1,1
1782,1,1,1,0
1783,0,1,0,0
1784,1,1,0,1
1785,1,1,1,1
1786,0,1,0,0
1787,1,1,0,0
1788,0,0,0,0
1789,1,1,1,1
1790,1,1,1,0
1791,1,1,1,0
1792,0,0,0,0
1793,0,0,0,0
1794,0,0,0,0
1795,1,1,0,1
1796,1,1,1,1
1797,1,1,0,0
1798,1,1,1,1
1799,1,1,1,0
1800,1,1,1,0
1801,1,1,0,1
1802,1,1,1,1
1803,1,1,1,0
1804,0,0,0,0
1805,1,1,1,0
1806,1,1,1,1
1807,1,1,1,1
1808,1,1,0,0
1809,0,1,0,0
1810,1,1,1,1
1811,1,1,1,1
1812,1,1,1,1
1813,1,1,1,0
1814,1,1,1,0
1815,0,1,0,0
1816,1,1,1,0
1817,1,1,0,0
1818,1,1,1,1
1819,1,1,1,0
1820,1,1,1,0
1821,0,0,0,0
1822,0,1,0,0
1823,1,1,1,0
1824,0,1,1,0
1825,0,0,0,0
1826,1,1,1,1
1827,1,1,1,0
1828,1,1,1,0
1829,0,0,0,0
1830,0,1,0,0
1831,0,1,0,0
1832,0,0,0,0
1833,0,1,0,0
1834,1,1,0,1
1835,0,0,0,0
1836,1,1,1,0
1837,0,0,0,0
1838,0,0,0,0
1839,1,1,1,1
1840,1,1,1,0
1841,1,1,1,0
1842,1,1,0,1
1843,1,1,1,0
1844,1,1,1,1
1845,1,1,1,0
1846,1,1,0,1
1847,1,1,1,0
1848,1,1,0,1
1849,1,1,1,1
1850,1,1,0,0
1851,0,0,0,0
1852,1,1,1,1
1853,1,1,0,1
1854,1,1,1,1
1855,1,1,0,0
1856,0,0,0,0
1857,0,1,0,0
1858,1,1,1,1
1859,0,0,0,0
1860,1,1,1,1
1861,1,1,1,1
1862,1,1,1,1
1863,0,0,0,0
1864,0,0,0,0
1865,0,0,0,0
1866,1,1,1,0
1867,0,0,0,0
1868,1,1,1,1
1869,1,1,1,1
1870,1,1,1,0
1871,0,1,0,0
1872,1,1,1,0
1873,1,1,1,0
1874,1,1,1,1
1875,0,1,0,0
1876,1,1,1,0
1877,1,1,1,1
1878,1,1,1,1
1879,0,1,0,0
1880,1,1,0,0
1881,1,1,1,0
1882,1,1,1,1
1883,0,0,0,0
1884,1,1,1,0
1885,1,1,0,1
1886,0,0,0,0
1887,1,1,1,0
1888,1,1,1,1
1889,1,1,1,1
1890,1,1,1,1
1891,1,1,1,0
1892,0,0,0,0
1893,1,1,1,0
1894,1,1,1,0
1895,1,1,0,1
1896,1,1,1,0
1897,0,0,0,0
1898,1,1,0,0
1899,1,1,1,1
1900,1,1,1,0
1901,1,1,1,0
1902,1,1,1,1
1903,1,1,0,0
1904,1,1,1,0
1905,0,1,0,0
1906,1,1,1,0
1907,0,0,0,0
1908,1,1,1,1
1909,0,0,0,0
1910,0,1,0,0
1911,0,0,0,0
1912,1,1,1,1
1913,1,1,1,0
1914,0,1,0,0
1915,1,1,1,0
1916,1,1,1,0
1917,1,1,1,0
1918,1,1,1,1
1919,0,0,0,0
1920,1,1,0,1
1921,1,1,1,1
1922,1,1,1,0
1923,1,1,0,0
1924,0,0,0,0
1925,1,1,1,1
1926,1,1,1,1
1927,0,1,0,0
1928,1,1,1,0
1929,0,0,0,0
1930,1,1,1,1
1931,1,1,1,1
1932,1,1,1,1
1933,1,1,1,0
1934,1,1,1,1
1935,0,1,0,0
1936,1,1,1,1
1937,1,1,1,1
1938,0,1,0,0
1939,1,1,1,0
1940,1,1,1,1
1941,1,1,1,0
1942,0,0,0,0
1943,1,1,1,1
1944,1,1,1,1
1945,1,1,0,1
1946,1,1,1,1
1947,0,0,0,0
1948,1,1,1,1
1949,1,1,0,1
1950,1,1,1,0
1951,1,1,1,1
1952,0,1,1,0
1953,1,1,0,1
1954,0,0,0,0
1955,0,0,0,0
1956,1,1,0,1
1957,1,1,0,1
1958,1,1,1,0
1959,1,1,1,0
1960,1,1,1,1
1961,1,1,1,1
1962,1,1,1,1
1963,1,1,1,0
1964,1,1,1,0
1965,1,1,1,1
1966,1,1,0,1
1967,1,1,1,0
1968,0,0,0,0
1969,1,1,1,1
1970,1,1,1,0
1971,1,1,0,1
1972,1,1,1,1
1973,1,1,1,0
1974,1,1,1,0
1975,1,1,1,1
1976,1,1,1,0
1977,1,1,1,1
1978,1,1,1,0
1979,0,0,0,0
1980,0,0,0,0
1981,1,1,0,0
1982,1,1,1,1
1983,1,1,1,0
1984,0,0,0,0
1985,0,0,0,0
1986,1,1,0,0
1987,1,1,1,0
1988,1,1,1,0
1989,1,1,1,1
1990,0,0,0,0
1991,0,0,0,0
1992,1,1,1,1
1993,1,1,1,1
1994,0,1,0,0
1995,1,1,1,0
1996,1,1,1,1
1997,1,1,1,0
1998,0,1,0,0
1999,0,1,0,0
2000,0,1,0,0
2001,1,1,1,1
2002,1,1,1,1
2003,1,1,1,0
2004,1,1,1,1
2005,1,1,1,1
2006,1,1,1,1
2007,1,1,1,1
2008,1,1,1,1
2009,1,1,1,0
2010,0,0,0,0
2011,0,1,0,0
2012,1,1,1,1
2013,1,1,1,0
2014,1,1,1,0
2015,0,0,0,0
2016,1,1,1,0
2017,1,1,1,1
2018,1,1,1,0
2019,0,0,0,0
2020,0,1,0,0
2021,1,1,0,0
2022,0,1,1,0
2023,1,1,0,1
2024,0,1,0,0
2025,0,0,0,0
2026,1,1,1,1
2027,1,1,1,0
2028,1,1,1,0
2029,0,1,0,0
2030,1,1,1,1
2031,1,1,0,1
2032,1,1,1,1
2033,1,1,1,1
2034,1,1,1,1
2035,1,1,1,1
2036,1,1,1,0
2037,1,1,1,0
2038,0,1,0,0
2039,1,1,1,1
2040,1,1,1,1
2041,1,1,1,0
2042,0,0,0,0
2043,1,1,1,0
2044,1,1,1,1
2045,1,1,1,1
2046,1,1,0,1
2047,0,1,0,0
2048,1,1,1,0
2049,0,0,0,0
2050,1,1,0,0
2051,1,1,1,1
2052,1,1,1,1
2053,1,1,1,1
2054,0,1,0,0
2055,0,1,0,0
2056,1,1,1,1
2057,1,1,1,0
2058,1,1,1,1
2059,1,1,1,0
2060,1,1,1,1
2061,1,1,1,1
2062,1,1,1,1
2063,1,1,1,1
2064,0,1,0,0
2065,0,1,0,0
2066,1,1,1,1
2067,1,1,0,0
2068,1,1,1,0
2069,1,1,1,1
2070,1,1,1,1
2071,1,1,1,0
2072,1,1,0,1
2073,1,1,1,1
2074,1,1,1,1
2075,1,1,0,1
2076,1,1,1,1
2077,1,1,1,1
2078,1,1,1,0
2079,1,1,1,1
2080,1,1,1,1
2081,0,0,0,0
2082,0,0,0,0
2083,0,0,0,0
2084,1,1,1,0
2085,1,1,0,1
2086,0,0,0,0
2087,1,1,1,0
2088,0,1,0,0
2089,1,1,1,1
2090,1,1,1,1
2091,1,1,1,1
2092,1,1,1,1
2093,1,1,1,0
2094,1,1,1,1
2095,1,1,1,1
2096,1,1,1,1
2097,1,1,1,0
2098,1,1,1,1
2099,1,1,1,1
2100,1,1,1,1
2101,1,1,1,1
2102,1,1,1,1
2103,1,1,1,0
2104,1,1,1,1
2105,0,1,0,0
2106,1,1,1,0
2107,1,1,1,0
2108,1,1,1,0
2109,1,1,1,0
2110,1,1,1,1
2111,1,1,1,1
2112,1,1,1,0
2113,1,1,1,0
2114,0,0,0,0
2115,1,1,1,0
2116,1,1,1,1
2117,1,1,1,1
2118,1,1,1,1
2119,1,1,1,0
2120,1,1,1,0
2121,1,1,1,1
2122,0,0,0,0
2123,1,1,1,1
2124,0,1,0,0
2125,1,1,1,1
2126,1,1,1,1
2127,0,0,0,0
2128,1,1,1,1
2129,0,1,0,0
2130,1,1,1,0
2131,1,1,1,0
2132,1,1,1,0
2133,1,1,1,1
2134,1,1,1,1
2135,1,1,1,1
2136,1,1,1,0
2137,1,1,0,1
2138,1,1,1,0
2139,1,1,0,0
2140,0,0,0,0
2141,1,1,1,0
2142,0,0,0,0
2143,1,1,1,0
2144,1,1,1,0
2145,0,0,0,0
2146,1,1,1,1
2147,1,1,1,1
2148,1,1,1,1
2149,1,1,0,0
2150,1,1,1,1
2151,1,1,1,1
2152,1,1,1,0
2153,0,0,0,0
2154,1,1,1,1
2155,1,1,1,1
2156,1,1,0,0
2157,1,1,1,1
2158,1,1,1,1
2159,0,0,0,0
2160,1,1,1,0
2161,1,1,1,0
2162,1,1,1,0
2163,0,0,0,0
2164,1,1,1,1
2165,1,1,0,1
2166,1,1,1,1
2167,1,1,0,1
2168,1,1,1,1
2169,0,1,0,0
2170,1,1,0,1
2171,1,1,1,1
2172,0,1,0,0
2173,1,1,1,1
2174,1,1,1,1
2175,1,1,1,0
2176,1,1,1,1
2177,1,1,1,0
2178,0,0,0,0
2179,0,0,0,0
2180,1,1,1,1
2181,0,0,0,0
2182,1,1,1,1
2183,1,1,0,0
2184,1,1,0,0
2185,1,1,1,0
2186,1,1,1,0
2187,0,0,0,0
2188,1,1,1,1
2189,1,1,1,1
2190,1,1,1,0
2191,1,1,1,0
2192,0,1,1,0
2193,1,1,1,0
2194,1,1,1,1
2195,1,1,1,1
2196,1,1,1,1
2197,1,1,1,1
2198,1,1,1,0
2199,1,1,1,1
2200,0,0,0,0
2201,1,1,1,1
2202,1,1,1,1
2203,1,1,1,1
2204,0,1,0,0
2205,1,1,1,1
2206,1,1,1,0
2207,1,1,1,0
2208,1,1,1,1
2209,0,1,0,0
2210,1,1,1,1
2211,1,1,1,1
2212,1,1,1,0
2213,0,0,0,0
2214,1,1,1,0
2215,0,1,0,0
2216,1,1,1,1
2217,1,1,1,1
2218,1,1,1,1
2219,1,1,1,1
2220,1,1,1,0
2221,1,1,1,0
2222,1,1,1,0
2223,1,1,1,1
2224,0,0,0,0
2225,1,1,1,0
2226,1,1,1,0
2227,1,1,1,1
2228,1,1,1,1
2229,1,1,1,1
2230,1,1,1,1
2231,1,1,1,1
2232,1,1,1,0
2233,1,1,1,0
2234,0,0,0,0
2235,1,1,1,1
2236,0,0,0,0
2237,1,1,1,0
2238,1,1,1,1
2239,1,1,1,0
2240,1,1,1,1
2241,1,1,1,1
2242,0,1,0,0
2243,1,1,1,0
2244,1,1,1,0
2245,1,1,1,0
2246,0,0,0,0
2247,1,1,1,1
2248,0,0,0,0
2249,0,1,1,0
2250,1,1,1,1
2251,1,1,1,1
2252,1,1,1,0
2253,1,1,1,1
2254,1,1,1,1
2255,1,1,1,1
2256,1,1,1,1
2257,0,0,0,0
2258,1,1,0,1
2259,1,1,1,1
2260,1,1,1,0
2261,1,1,1,1
2262,1,1,1,1
2263,1,1,1,1
2264,0,0,0,0
2265,1,1,1,1
2266,0,0,0,0
2267,1,1,1,0
2268,1,1,1,1
2269,1,1,1,1
2270,1,1,1,1
2271,1,1,0,0
2272,1,1,1,1
2273,1,1,1,1
2274,0,0,0,0
2275,1,1,0,0
2276,1,1,1,1
2277,1,1,1,0
2278,1,1,1,1
2279,0,0,0,0
2280,1,1,1,1
2281,1,1,1,1
2282,1,1,1,0
2283,0,1,0,0
2284,0,0,0,0
2285,1,1,1,1
2286,0,1,0,0
2287,0,1,0,0
2288,1,1,1,1
2289,1,1,1,1
2290,1,1,1,0
2291,1,1,1,0
2292,1,1,1,1
2293,1,1,1,0
2294,0,0,0,0
2295,1,1,1,1
2296,1,1,1,1
2297,1,1,1,0
2298,1,1,1,1
2299,1,1,1,0
2300,1,1,1,1
2301,0,0,0,0
2302,0,0,0,0
2303,0,0,0,0
2304,1,1,1,1
2305,1,1,1,1
2306,0,0,0,0
2307,1,1,1,1
2308,1,1,1,1
2309,1,1,1,1
2310,1,1,1,0
2311,1,1,1,1
2312,1,1,1,1
2313,1,1,1,1
2314,1,1,1,1
2315,1,1,1,1
2316,1,1,1,1
2317,0,1,0,0
2318,1,1,1,1
2319,1,1,1,1
2320,0,1,0,0
2321,0,0,0,0
2322,1,1,1,0
2323,0,1,0,0
2324,1,1,1,1
2325,0,0,0,0
2326,1,1,1,1
2327,1,1,1,0
2328,1,1,1,1
2329,1,1,1,1
2330,1,1,1,0
2331,0,0,0,0
2332,1,1,1,1
2333,1,1,1,1
2334,1,1,1,1
2335,1,1,1,0
2336,1,1,1,0
2337,1,1,1,1
2338,1,1,1,1
2339,1,1,1,0
2340,1,1,1,1
2341,1,1,1,1
2342,1,1,1,1
2343,1,1,1,1
2344,1,1,1,0
2345,1,1,0,0
2346,1,1,1,1
2347,1,1,1,0
2348,0,0,0,0
2349,1,1,0,1
2350,1,1,1,0
2351,1,1,1,0
2352,1,1,1,1
2353,0,0,0,0
2354,1,1,1,1
2355,1,1,1,1
2356,1,1,1,0
2357,1,1,1,0
2358,1,1,1,0
2359,1,1,1,1
2360,1,1,1,0
2361,1,1,1,0
2362,1,1,1,0
2363,1,1,1,0
2364,1,1,1,1
2365,1,1,1,1
2366,1,1,0,1
2367,1,1,1,0
2368,1,1,1,1
2369,1,1,1,1
2370,1,1,1,1
2371,1,1,1,0
2372,1,1,1,1
2373,1,1,1,1
2374,1,1,1,0
2375,1,1,1,1
2376,0,0,0,0
2377,1,1,1,1
2378,0,0,0,0
2379,1,1,1,0
2380,0,0,0,0
2381,1,1,1,0
2382,1,1,1,0
2383,1,1,1,0
2384,0,0,0,0
2385,1,1,1,1
2386,1,1,1,0
2387,1,1,1,0
2388,1,1,1,0
2389,1,1,1,0
2390,1,1,0,1
2391,1,1,1,0
2392,0,0,0,0
2393,1,1,1,0
2394,0,0,0,0
2395,1,1,1,0
2396,1,1,1,1
2397,0,0,0,0
2398,1,1,0,1
2399,1,1,1,1
2400,0,1,0,0
2401,1,1,1,1
2402,0,0,0,0
2403,1,1,0,1
2404,0,0,0,0
2405,1,1,0,0
2406,1,1,1,1
2407,1,1,1,0
2408,0,0,0,0
2409,1,1,1,1
2410,1,1,1,1
2411,0,0,0,0
2412,0,0,0,0
2413,1,1,1,0
2414,1,1,1,0
2415,0,0,0,0
2416,1,1,1,1
2417,0,0,0,0
2418,0,0,0,0
2419,1,1,1,0
2420,0,0,0,0
2421,0,0,0,0
2422,1,1,1,0
2423,1,1,1,0
2424,0,0,0,0
2425,1,1,1,0
2426,1,1,1,0
2427,0,1,0,0
2428,1,1,1,1
2429,1,1,1,1
2430,1,1,1,1
2431,0,0,0,0
2432,1,1,1,1
2433,1,1,1,1
2434,0,0,0,0
2435,1,1,1,1
2436,1,1,1,1
2437,1,1,1,1
2438,1,1,1,1
2439,0,0,0,0
2440,1,1,1,1
2441,1,1,1,1
2442,0,0,0,0
2443,1,1,1,1
2444,1,1,1,1
2445,1,1,1,1
2446,1,1,1,0
2447,0,0,0,0
2448,1,1,1,0
2449,1,1,1,0
2450,1,1,1,0
2451,1,1,1,1
2452,0,0,0,0
2453,1,1,1,1
2454,1,1,1,0
2455,1,1,1,0
2456,1,1,1,1
2457,1,1,1,1
2458,1,1,0,1
2459,1,1,1,0
2460,1,1,1,0
2461,1,1,0,1
2462,1,1,1,0
2463,1,1,1,1
2464,1,1,1,1
2465,1,1,1,0
2466,1,1,1,1
2467,0,0,0,0
2468,1,1,1,0
2469,1,1,1,1
2470,1,1,1,0
2471,1,1,1,1
2472,0,0,0,0
2473,0,0,0,0
2474,1,1,1,0
2475,1,1,1,1
2476,1,1,1,0
2477,1,1,1,1
2478,0,0,0,0
2479,1,1,1,1
2480,1,1,1,1
2481,0,1,0,0
2482,0,1,0,0
2483,1,1,0,0
2484,1,1,1,1
2485,1,1,0,1
2486,1,1,1,1
2487,1,1,1,1
2488,1,1,1,0
2489,1,1,1,1
2490,1,1,1,1
2491,1,1,1,1
2492,1,1,1,0
2493,0,0,0,0
2494,1,1,1,1
2495,1,1,1,1
2496,1,1,1,0
2497,1,1,1,0
2498,1,1,1,0
2499,1,1,0,1
2500,1,1,1,1
2501,1,1,1,0
2502,1,1,1,1
2503,1,1,1,1
2504,1,1,1,1
2505,1,1,1,1
2506,0,0,0,0
2507,1,1,1,1
2508,1,1,1,0
2509,1,1,1,1
2510,1,1,1,0
2511,1,1,1,0
2512,1,1,1,1
2513,1,1,1,0
2514,1,1,1,1
2515,1,1,1,1
2516,1,1,0,1
2517,1,1,1,1
2518,1,1,1,1
2519,1,1,1,1
2520,1,1,1,0
2521,1,1,1,1
2522,1,1,1,1
2523,0,1,0,0
2524,1,1,1,0
2525,1,1,1,1
2526,1,1,1,0
2527,1,1,1,1
2528,1,1,1,0
2529,1,1,1,1
2530,1,1,1,0
2531,1,1,1,0
2532,1,1,1,1
2533,0,0,0,0
2534,1,1,1,1
2535,1,1,1,0
2536,1,1,1,1
2537,1,1,1,1
2538,1,1,1,1
2539,1,1,1,1
2540,1,1,1,1
2541,1,1,1,1
2542,1,1,1,1
2543,1,1,1,1
2544,1,1,1,1
2545,0,0,0,0
2546,1,1,1,1
2547,1,1,1,1
2548,1,1,1,1
2549,1,1,1,1
2550,1,1,1,1
2551,1,1,1,0
2552,1,1,1,0
2553,1,1,1,1
2554,1,1,1,1
2555,1,1,1,0
2556,1,1,1,0
2557,1,1,1,0
2558,1,1,0,1
2559,1,1,1,1
2560,1,1,1,0
2561,0,0,0,0
2562,1,1,1,1
2563,1,1,1,1
2564,1,1,1,0
2565,1,1,1,1
2566,1,1,1,1
2567,1,1,0,1
2568,1,1,1,0
2569,1,1,1,1
2570,1,1,1,0
2571,1,1,1,1
2572,0,0,0,0
2573,1,1,1,0
2574,1,1,1,1
2575,1,1,1,1
2576,1,1,1,1
2577,1,1,1,1
2578,1,1,1,1
2579,0,1,0,0
2580,1,1,1,1
2581,1,1,0,0
2582,1,1,1,0
2583,1,1,1,0
2584,1,1,1,1
2585,1,1,1,1
2586,0,0,0,0
2587,1,1,1,0
2588,1,1,0,1
2589,1,1,1,1
2590,1,1,1,1
2591,1,1,1,1
2592,1,1,1,1
2593,1,1,1,1
2594,1,1,1,1
2595,0,0,0,0
2596,0,0,0,0
2597,0,0,0,0
2598,1,1,1,1
2599,1,1,1,0
2600,0,1,0,0
2601,0,1,0,0
2602,0,1,0,0
2603,1,1,1,1
2604,0,0,0,0
2605,1,1,0,0
2606,1,1,1,1
2607,1,1,1,1
2608,1,1,1,0
2609,1,1,1,0
2610,1,1,1,1
2611,1,1,1,0
2612,1,1,1,1
2613,0,0,0,0
2614,1,1,1,1
2615,0,0,0,0
2616,0,0,0,0
2617,0,0,0,0
2618,1,1,1,1
2619,1,1,1,0
2620,1,1,1,1
2621,1,1,1,1
2622,0,1,0,0
2623,0,0,0,0
2624,1,1,1,0
2625,1,1,1,1
2626,1,1,0,1
2627,1,1,1,0
2628,1,1,1,1
2629,1,1,1,1
2630,1,1,1,0
2631,1,1,1,0
2632,1,1,1,1
2633,1,1,1,1
2634,1,1,1,0
2635,1,1,1,1
2636,1,1,1,1
2637,1,1,1,1
2638,1,1,1,1
2639,1,1,1,0
2640,0,0,0,0
2641,1,1,1,1
2642,1,1,1,0
2643,1,1,1,1
2644,1,1,1,0
2645,1,1,1,1
2646,1,1,1,1
2647,1,1,1,1
2648,0,0,0,0
2649,0,0,0,0
2650,1,1,1,1
2651,1,1,1,1
2652,1,1,1,0
2653,1,1,1,0
2654,1,1,1,1
2655,1,1,1,1
2656,1,1,1,1
2657,1,1,1,1
2658,1,1,1,1
2659,1,1,1,1
2660,1,1,1,1
2661,1,1,1,0
2662,0,0,0,0
2663,1,1,1,1
2664,1,1,1,1
2665,1,1,1,1
2666,0,0,0,0
2667,1,1,1,1
2668,1,1,1,0
2669,1,1,1,1
2670,1,1,1,1
2671,1,1,1,0
2672,1,1,1,1
2673,1,1,1,0
2674,1,1,1,1
2675,1,1,1,0
2676,1,1,1,1
2677,1,1,0,1
2678,1,1,1,1
2679,1,1,1,0
2680,1,1,1,0
2681,1,1,0,1
2682,1,1,1,1
2683,1,1,1,1
2684,1,1,1,1
2685,1,1,1,0
2686,0,1,0,0
2687,1,1,1,1
2688,1,1,1,1
2689,1,1,1,1
2690,1,1,1,0
2691,1,1,1,0
2692,1,1,0,0
2693,1,1,1,0
2694,1,1,1,1
2695,1,1,1,0
2696,1,1,1,1
2697,1,1,1,0
2698,1,1,1,1
2699,1,1,1,1
2700,1,1,1,0
2701,0,1,0,0
2702,1,1,1,1
2703,1,1,1,1
2704,0,0,0,0
2705,1,1,1,1
2706,1,1,1,1
2707,1,1,1,1
2708,1,1,1,1
2709,1,1,1,1
2710,0,1,1,0
2711,1,1,1,0
2712,0,0,0,0
2713,1,1,1,0
2714,1,1,0,1
2715,1,1,1,1
2716,0,1,0,0
2717,1,1,1,1
2718,1,1,1,1
2719,1,1,1,1
2720,1,1,1,0
2721,1,1,1,1
2722,1,1,1,0
2723,1,1,1,0
2724,1,1,1,0
2725,1,1,1,0
2726,1,1,1,1
2727,1,1,0,0
2728,1,1,1,1
2729,1,1,0,0
2730,1,1,1,0
2731,1,1,1,0
2732,1,1,0,0
2733,1,1,0,1
2734,1,1,1,0
2735,0,0,0,0
2736,0,0,0,0
2737,1,1,1,0
2738,1,1,1,0
2739,1,1,1,0
2740,1,1,0,1
2741,1,1,1,0
2742,1,1,1,1
2743,1,1,1,1
2744,1,1,1,1
2745,1,1,1,0
2746,1,1,1,1
2747,0,0,0,0
2748,1,1,1,1
2749,1,1,0,1
2750,1,1,1,1
2751,1,1,1,1
2752,1,1,1,0
2753,1,1,1,0
2754,1,1,1,0
2755,0,1,0,0
2756,0,1,1,0
2757,1,1,1,0
2758,1,1,1,1
2759,1,1,1,1
2760,1,1,1,1
2761,1,1,1,0
2762,1,1,1,1
2763,1,1,1,0
2764,1,1,1,0
2765,0,0,0,0
2766,1,1,1,0
2767,1,1,1,1
2768,1,1,1,1
2769,0,0,0,0
2770,1,1,1,1
2771,1,1,1,0
2772,0,0,0,0
2773,1,1,1,1
2774,1,1,1,1
2775,1,1,1,1
2776,1,1,1,1
2777,1,1,1,1
2778,1,1,1,0
2779,1,1,1,1
2780,1,1,1,0
2781,1,1,1,0
2782,1,1,1,1
2783,0,1,0,0
2784,1,1,1,0
2785,1,1,1,1
2786,1,1,1,0
2787,0,1,0,0
2788,1,1,1,1
2789,1,1,1,1
2790,1,1,1,1
2791,1,1,1,1
2792,1,1,1,0
2793,1,1,1,1
2794,1,1,1,1
2795,1,1,0,1
2796,1,1,1,1
2797,0,0,0,0
2798,0,1,0,0
2799,1,1,1,1
2800,1,1,1,1
2801,1,1,1,0
2802,1,1,1,0
2803,1,1,1,1
2804,1,1,1,1
2805,1,1,0,1
2806,1,1,1,1
2807,1,1,1,1
2808,1,1,1,0
2809,1,1,1,1
2810,1,1,1,1
2811,0,0,0,0
2812,1,1,1,0
2813,1,1,1,1
2814,1,1,1,0
2815,1,1,1,1
2816,1,1,1,1
2817,1,1,1,1
2818,1,1,1,0
2819,0,0,0,0
2820,1,1,1,1
2821,1,1,1,0
2822,1,1,1,1
2823,1,1,1,1
2824,1,1,1,1
2825,1,1,1,1
2826,1,1,1,0
2827,1,1,1,0
2828,1,1,1,1
2829,1,1,1,0
2830,1,1,1,1
2831,1,1,1,0
2832,1,1,1,1
2833,1,1,1,1
2834,1,1,1,0
2835,1,1,1,0
2836,1,1,1,0
2837,1,1,1,1
2838,1,1,1,0
2839,1,1,1,0
2840,0,0,0,0
2841,0,0,0,0
2842,1,1,1,1
2843,1,1,1,0
2844,1,1,1,1
2845,1,1,1,1
2846,1,1,1,1
2847,1,1,0,1
2848,1,1,1,0
2849,1,1,1,1
2850,1,1,1,1
2851,1,1,1,1
2852,1,1,1,1
2853,0,1,0,0
2854,1,1,1,1
2855,1,1,1,1
2856,1,1,1,0
2857,1,1,1,1
2858,1,1,1,1
2859,1,1,1,0
2860,1,1,1,1
2861,1,1,1,1
2862,1,1,0,0
2863,1,1,1,1
2864,1,1,1,0
2865,1,1,1,1
2866,0,0,0,0
2867,1,1,1,1
2868,1,1,1,0
2869,1,1,1,1
2870,1,1,1,0
2871,1,1,1,0
2872,1,1,1,1
2873,1,1,1,0
2874,1,1,1,1
2875,1,1,1,0
2876,1,1,1,1
2877,1,1,1,0
2878,1,1,1,1
2879,1,1,1,0
2880,1,1,1,1
2881,1,1,1,1
2882,0,0,0,0
2883,0,0,0,0
2884,1,1,0,1
2885,1,1,1,0
2886,1,1,1,0
2887,1,1,1,1
2888,1,1,1,1
2889,0,0,0,0
2890,1,1,1,1
2891,1,1,1,0
2892,1,1,0,1
2893,1,1,1,1
2894,1,1,1,1
2895,1,1,1,1
2896,1,1,1,1
2897,1,1,1,0
2898,1,1,1,1
2899,1,1,1,1
2900,1,1,1,1
2901,1,1,1,0
2902,1,1,1,1
2903,1,1,0,1
2904,1,1,0,1
2905,1,1,1,0
2906,1,1,1,1
2907,1,1,1,1
2908,1,1,1,1
2909,1,1,1,1
2910,1,1,1,0
2911,1,1,1,0
2912,1,1,1,1
2913,1,1,1,0
2914,0,0,0,0
2915,1,1,1,0
2916,1,1,1,1
2917,1,1,1,1
2918,1,1,1,1
2919,0,0,0,0
2920,1,1,1,1
2921,1,1,1,1
2922,1,1,1,1
2923,1,1,1,0
2924,1,1,1,1
2925,1,1,1,1
2926,1,1,1,1
2927,1,1,1,0
2928,1,1,1,1
2929,1,1,1,0
2930,1,1,1,1
2931,1,1,1,0
2932,1,1,1,0
2933,1,1,1,1
2934,1,1,1,1
2935,1,1,1,1
2936,1,1,1,1
2937,1,1,1,0
2938,1,1,1,1
2939,1,1,1,1
2940,1,1,1,1
2941,1,1,1,0
2942,1,1,1,0
2943,1,1,1,0
2944,1,1,1,1
2945,1,1,1,1
2946,1,1,1,1
2947,1,1,1,0
2948,1,1,1,1
2949,1,1,1,1
2950,1,1,1,0
2951,1,1,1,1
2952,1,1,1,1
2953,1,1,1,1
2954,1,1,1,1
2955,1,1,1,1
2956,1,1,1,1
2957,1,1,1,1
2958,1,1,1,1
2959,1,1,1,1
2960,1,1,1,0
2961,1,1,1,1
2962,1,1,1,1
2963,1,1,1,1
2964,1,1,1,1
2965,1,1,1,1
2966,1,1,1,0
2967,1,1,1,1
2968,1,1,1,0
2969,1,1,1,0
2970,0,1,0,0
2971,1,1,1,1
2972,1,1,1,0
2973,0,0,0,0
2974,1,1,1,0
2975,1,1,1,0
2976,1,1,1,1
2977,1,1,1,1
2978,1,1,1,1
2979,1,1,1,1
2980,1,1,1,0
2981,1,1,1,1
2982,1,1,1,1
2983,1,1,0,0
2984,1,1,0,0
2985,1,1,1,1
2986,1,1,1,0
2987,1,1,1,1
2988,1,1,1,1
2989,1,1,1,1
2990,1,1,1,0
2991,1,1,1,1
2992,1,1,1,1
2993,1,1,1,1
2994,0,0,0,0
2995,1,1,1,1
2996,1,1,1,0
2997,1,1,1,1
2998,1,1,1,1
2999,1,1,1,1
3000,1,1,1,1
